nbizrgdziebsaecsecujfjcqtvnpcnxxwiopmddorcxnlijdizgoi,665,16
jakofwkgdcxmaaqphkefckecrnsmqtbybrorlfoorfwuzslduxfpiptfyzbjzwcjitndchuptnmnwhbowwshlundckhusummi,187,29
kvhuvcjzcudugtidficcrnaxwikdaahttrfjfnfuxmasilbupuxcmkvlraebhkvfeycexgsyhtefvymctz,120,20
rcajacqehfdmpykymvmbiscwpabihuyaijbucgwaixtwdrkegfpbofgnwpbfjxjtdnvhyjflyidz,111,97
brailztgjgjrffrxfoxtfrlupszcinjvocprnfirtkijgpwrrgy,107,54
oiavraahcejwugzssvrzakqseqkbfwvmhhqjdmxzjlqimypmsglukddrsaalbnnt,96,14
asesbkwwybjipvugqiiacidbrspqmfxppw,89,51
sshlgtsaolmuliksiukgyfxwczfqvbhjceimgnrgdwgaqiarvujwblpbnphggnys,90,92
quklyshfdvzgeefoozkihfnltayefkvhgnxipcfch,86,2
fkxmjzufvktnoqroyrcoyfblpfdoigfqbubjjoxmgcruvizwdzbmrzvtgvenwp,64,38
xkepmjgbjzogibrqtyodqcxtjrqwupifrtwoocradcbmrtilmzemgstjqiuaqzqegpvqmsvjndhcnzsoqszihncwberdy,74,62
hibjonnijrclfpmgglzrmygnmbfreenkhig,51,89
hxewpbthwbsqaoizossqgweomwcphosjubhjkqdoalbpgjaxilkzilznhkcnzirywqpzgdfqtmvtclp,70,65
pppqtlulzonczgmmenmrukyavendxdxqpnqansrifffuvhqacyopoypo,68,91
qmolawnsdnysykliqbghxjpoypkwqftp,36,91
sixfbiqjozmgybpgfgysbzyflwpgljahokmzjzcuyssyxmrdinkvclxcmgfsapfplvfpgqahrawkfzxleygzgayhikzs,50,35
tuvxpyejqwmcytnbrdpdfpabhemdpmfjswuzvgrmvvyztuiwigpg,46,12
hauqahggfgkajmnqaiqmujkgpzyiesisidfecvpqqdzpbizofjaodyvnapboncfkpasjupqupnpijvverysxyitgedwptqc,56,76
yvopsqulkmnepjjynqmordqxsetksrpzasuxzaeap,53,52
pedyaqufby,53,69
jicenvwbhqzvvralsqoconfvycowmpafwnhskoohejmxwjgestphqxjzrmsiylctenvlbclnvcljldwj,41,84
gzchawsokuqxlsasynvnscgsqzmrjntckeysfoaxheybmdpxykgomngysf,59,90
jolglblozacbndbkksxwtjtk,40,86
fcbtdbreretsifpexdytowzzfhfomtikanucpkumxqfbeghguumxsmlopumwivfeqlikygywvbfswdmbcauuvyg,35,54
mqlykceeumhjvvtakyuguvbvvkteckflyuibnwyizfgoblglyalxepmvvgtbodzokkuyjpcaxxrbsytk,32,87
tovwmlkqsjojfglafyrz,45,72
fxvacwzgjglmcuelnrkeuv,51,17
tyfidrzhqgcdcuejiiqicqvbymreomqqtkkhiwonafmmmvgiohmsjmzymgojnhumglfsfgnlbrcm,45,72
qadqtbdutgiqdgarimwstrfhshkzniuagyzfrgrobggonrwvbbqkhktxanoagmirlq,25,67
fibfajajyhxiocfeozoyjcixbbxtyfyrkrbwsplhqhqbxesnuwdtbclqmyfgbsrnblvzgjmlcxaqtncqdufpdcwvnulard,35,90
aernkypuoyferwarjgdsgwaanownimmxgfetrvbee,36,80
pcfsbgwzoswuqsajaqvgjydbtpguxefnlwr,36,23
widuyzmrezwzcgreifdaglyyjetvezsnofpvf,44,31
wzeqfphcyldpmszhinunsshsdydcoondmvcxkrjjd,35,32
klvurdolhrogbzbbuyyvytgahmyxoarrxnlshsasrnfyoquycxkghxyapunbooghwmpomhkdlimiifiqkfuwipxinolqjjfdo,29,78
zacfaybanfvwvfqhzikriaphel,34,16
ggzhwzkopljprhonsuehwlxpfppualyhprdnggrmvoekditmibfkxthxwcpsacqoxjxmpzpiksyrqzbdxtrrogfdmdk,38,55
eghjlpintjuwpncwjtkvuxragpgrvpovjztspqeobigshvyowxofbxybpbjrb,36,79
llrkeleooqlpdzzpz,28,73
qkxakwybvrwwbayrzmdvktwfgklpbgtuqjly,41,90
bvpehmiijormjzrzlmfngwvbozqkadcetnclwpqlod,32,56
ddoaewklxepqcduvzyhgnxyfvjwdfggedolbmtxmfqdehirusyqknxpvmjjbuwxsslmmbzwg,46,87
svocxusktkcqjghyqdmifhdqtvxijfzprsnbbxo,40,80
ujffderscduqncajjseyzmzoydqjildhbikhinkdcjmvcrmpvrbcxxrzmypcnng,38,97
rokwdwvbeqxrg,21,82
jcaqzpaksulwjshv,26,67
qekofyplreso,23,40
weixqvbhxpzqyuaxyqgdfeyocysxmlsvfinxolganbljvqowticbnnsxpepkfppmnojirbrrfvmlzhfwleclveibx,15,67
omanmnylupwjqerogftvwfufpljkjcqtkgiebriwpiavcnglrwjlynmxuszzetdjfvlwkrxksdslucrvnxvcyukgke,27,29
bzhtfgfvegtfudugsomltpfgfqgmmefqvqcdqyegipgijwnxffdfxdmrasqeamiwkretrcztmnkcqezdnmlibdkgilifkga,20,60
kypevdcvblahrwfrfjjfyxvciaocepmejsffgecdsvvkmfaaaehiwqbaqxojtkswk,29,74
dnsibmoqqynounztgmtujanbppv,27,16
xqpopwvffdnkflalqdchmllxksqtwqbvholihzjgyyujslhyktldfh,31,9
glmvmckarx,28,49
xujqskrnpljwbzqohvtyecbddngk,19,85
zkewnrmqvmrkpszknlonpleex,29,47
uzsgcpvxoqlcwlmfqfrdlonlppyljayxmfgyixwyaerqvgdmiseiweambfaoylpibcigvabqtqcxbfmmhdyeokb,23,75
zdlqexpepzrqulwznsvvstftzwvhpgabvxrbhtmingjyzudxlcclcdmrjtr,25,53
chvjnzegfgauosdhpwnmnyyjhdwivevqwpsrnjmbbaujvphkyzwzphwrzalaqfoohezlufkmctaufhslllnmremxdnkm,26,39
xtwkqzsxiswadlqcqattjgixsdbslejrgimpsqzxsgmdvcmxcufumcwjrgezepnztancad,27,24
phmdtahnhcxiayimnnzycdnkptvzuadmnxxglfcvhtvkuszkjmldcojseauuy,23,55
uxqrvprzxinrnnguxkzeufftbvvlrwgdyjfsbakwfceaugmokesuoubohmgwnfjxoeiztbxtsdskdxkmusn,27,71
psiinmtbfoiullqcjfwcxgkynbnprxuynxiapfy,27,8
ucvjdjblcxqabsedflydgjlfcbixpyrnxgabkysydpabovzdhpuhnotnbqnkhykcqcjflkrimhqmuvzsoeamam,25,52
vvmgwtvsefzubaylincvcpnpihcvbnbxgwtxzzubvmbyfnzxds,31,62
gokdamwwvynszcejsdkrf,30,85
tosmpwhwizuejvmvtkvqxmiksyzoogudkpbzcdcirmieoybwimeummhlzrrpurhhfpptlkznraxhm,30,21
gsiqqpflcudevfjiivnpcvtxdawyuiazawrzhmrujmosyvogrbschcwucdwdvjdvqknqmbmqcxhvqoy,37,38
azhfruhntfjgzjyqxxovarrliliqlfieaflthgyvcbjrcrgfschxmqvxejfbhofqokcywbomqzajgtmtvwxpn,26,87
bokgrdfwvctavvtbuwsxhzfzvhdrzsymlnecmytumduocdwhgyoywalcstxkoywauolpiyrzsejrlnsncjjcudmrjydfetw,35,84
renwbztlxboyycsrbyvrrzzdhlldjagjpykvhk,24,20
vxkdpdlteugzsaabsrqdflsumecwdrgiofkdko,15,50
ipadxdsufrkyhqdpqsccnfnl,30,83
hxpiuodsnklzdonbczwlyapusmzczcxbxzlirmvhnrlasejcqctpkaqmuqrblwfwhvuwxqsc,32,14
lrruhvhbussxvvzhqonhkoobobhfuycvfcohqqcvwhtxdplhsqamrrfhmzxyygngpiimybexqravfpnralvbwwbcnerbegkz,24,55
dqhfthpgppncgeedpxnixeqbyphnxgrtcpigbkzudosabiwyulbijwlewqrhfbojmjgxtulprmsbkgmuwazqmiejpegwxeselu,24,73
jmgaguisojcpalonhbgjkxsjdhpbwclf,34,43
xiaiiluxrrpcgacdjuddopbvgjokmjyhlkfhfzhmrkclpqmsmilbaksddilhynw,27,86
ztvpcgxhuyuaevzmufmcjiqlwhupyorepfqiifllyzrtdaqivhxsdosbpghmzgdwospqlztheyrz,31,73
suxddoujmkwnfgcsdavmkqmomatznxjnnzzzmtoamfndxtyeyjjmpddjwxytidwmgniusgyanudxgdapvregdnprtgdjotixycq,31,81
yqldpftbflysvkjqoahxsttjjwcodeopwwkskjcaqkerlbxdkggywypgbfhaaitickwcpraqptqnauufhmmxuyewir,25,75
gndlvpcwdwnyikoipcoxodbgkdxzvkwbgpsxnuzvbefwdb,19,55
zcppttxrtutgsfyllllrlczvyxwyaatthvocpvoboyapleuclamapoejthztndijftydfiogvlphjjrphzestvwidph,23,99
nkqdxqjhptkbyxkdtxwltekamwfarjkxjfalloxalyzxhcllarmlsvkcanezvnovrlfqsbgiavedvmfwntsugrqjkjnun,23,22
zcbsocoscfvgodvxlhntipyxiaeipljoyfnxvgwdoqdutmwlprzgrdbwzltwfdpyqsckormarqaaw,21,67
ujvxrjcmqdstnvifykuljhqugamqtwdnvvjlapbrcbbafgxmjtjwfyurrrkbnolwmjinldtspjtxatcuuempcaaedxcfhdz,29,12
vnppbcrwxdozwacapszfijaqsmavvtnbprohycdxrghlwnaptyopxrnwct,35,57
htufbituaeawstyycquabobcpwqxcoibcumre,39,93
cmzguqkbxgmwwkheqbt,22,5
lbodluuhddvrlkobnsjbivhibypfznnybxwufteleppgqzvhutdvy,42,91
nyclwyprwamhuxopeqsgunncymxowrwgvvedqpljdxlowxojmlflffveixglntnxkcx,26,82
wjpztwlazejktvxynpneshftlntsgwghljdpqlmcejbbyxzhtpjnsnfoeupnurrrawknuvvnqfzymbrqbenjbzyksnqqq,24,43
srtgxjskgpudrukmheufghpme,29,93
vrqhnduetirivstjaakakdhjmymrxxkvumozmzwnueyuqdmufkuztvil,26,83
mnccygtzxantxcjftxkqeiamctekhyermuiopxnqqqcjlidrivigbxrncpmwkoqtnbmjan,27,18
adwjxvsdswbiotjcvtazmpwxqrjfgsnluqzdnmkbkdpyd,29,81
oahedgqjpfyitsxbaenidukwddspvpunjtjwdipkjhgweyyqqwxjztbjukuaepymsbcvftpcpjunfvrpdstm,23,89
nswyxgnfzyauqmlclxwfyrrxstryzkcnissihpbfifgguregmgnixyhwgsjytlnttekq,23,29
vhpakpldpovkwnbjnqhhkbtdgovwtnffkqghelnjalswhhpfmglhhuruqiqryyvnbglqhqingst,40,36
huuybmvtvwivpcppunrapiidwhzxzrxwwlaplfnwqxfygleysxmk,22,34
qwvbctizbommcerianfdlbhjx,30,79
arcqwiwqtnyrrsbkkdwmkrwsqlnuhbypezpegqvpbzrekncbcwartomyvouwixhhffvrdwazdbyuxmintzwt,16,83
ujmrivkzjwzvvfkyhsjzwfxfgknsiaticjeofzmsydkobcaazymhbdqggtnddeopetrrnozoie,28,64
hdmulelqezgnxrimvcaczzpniseiiuwfrwmgxzhtb,24,38
rcfjvnycxduassfhmzglzpiqqjangyfzhvajkgzpgmtuodgxlmsonxluhaoumnsjpherltdctusfidpubozxbyjb,29,85
rsjzdsucemivmlrvkuptjjvrhbkeiirkmhhwlmgentfiwyxcnupafjkbjjcgypqqqftxudgg,29,16
zuvtexguuumhanrkihsgcoj,25,64
sgnfhwhgrdxbmcubzjwjdpmeoelqzahsgtktixxqtskqxjrfhqtsqjqhfh,30,49
unmkfkokofzjpzjky,22,88
fzxaoeezkmt,26,56
zfghxtoouejg,26,14
eagrphybwzaptagspimwpyudneikiimln,25,11
rfnsqfarwtqfrkwvwitcwbfrmthgwlfzhtigjtxlxfl,27,39
aeuuhuwuxualjkbyfrxwjqwaoa,29,81
ncyrqktjhfiaubuitdrdtgdllxkwnkmtfggqqoompkpgaaygjnhnhugfolcbcbtazbobcogugdhlonkqc,28,31
pwrozirkfunfzpckii,27,11
jcftnexrbyhoxcwdijebnfaivjckugovhvnjkwavvbqzajmx,20,12
mffpzvgaedyttjnvytwehczzhtkrprkbeiohzhtoqvsumqwhjypwyufectipk,21,87
wtspknebuxqfxlkkthqkeebyleksfjmegssqqvezmvslksfdjlsysttdvgmkxjqmbceoxrstzayvpydtyjgmfhyquci,24,89
yttrnlbpzecjyfmroqukyldmmwalzjmhmdxcxes,30,53
dfqlfhuuwxhhjvdtwljahxbwhqkutigdfcuiogfooprtmomeyysquqlzvzmrxhkttrbumglgwixsovxoqisibirdlgtc,483,68
yliwrhvnibxxjcvptvfrmtxmamomilvyqejfmwruqsyspawaufgwomwyfubhqktciiepextlthwouidmzikgbpwnrmamnmxsqvf,186,25
qgnvkrqkkcz,113,21
fjbhylsebheswzojvdloqhagmzenpcxmsjriqabvcavxidnszwbisscwxenceobjuencegtpijzjbqyfmugxojhud,111,20
ztqipsimuxrkqptlcmhwlmmgvievxfpcmbzcqeehcxcpukgvnylzxnqkjdghsuqsehffmxfnwiwjdvwwkgrgljvuflvmnsjkp,96,43
fydmwuegihxahaauxakwnmumcfjdlzzeppxtmirukxocalveijfkrghfljo,92,79
esdborcskdklkdtprxfyatekocoijcbpvegnc,79,7
gjuynsxwgsnyngzyztvzgfppyhmmelcxpwfqisqwhmebkjzcuytbaeiqbajbcqwoxwmepmenqtszpqrnhswwgqxt,83,37
yfhrsassrqihpjgftpagwcqoeztefdyilmhmbkgqmnabmygukwrvejqrzsndvdgjrorjaskkwvcnmpcojrmkh,74,71
ugydguhgtnjpylpdzfbghjnujzdwtidcje,83,61
ufzuwlqzjylskqieimcbhyrpanslufumigjssiqdgirgnovklekeqbxwnebtelayisrhxcvwdrjigwrrdwldfummxci,73,84
ynnplqyagozqceovozwlevqewvoajwvt,75,30
hbkaqaizouqeeuazwloguchueqwfujxacqripoiecesuljahygjhlgfihykajnampgkb,73,80
aibkpgzqtilirpgavvhhqkibjwtph,60,67
ynunsmtknkirzputrjburoxwxq,58,24
yuohpnzubqcdiquzhlgaggwwswsofetuwdpjyhdeztxscvwko,65,99
kcidauqgruvhloztzcgmgyiscmfkuxiuetuodnvxlakmlasjffizspgyhnelforazxrg,47,62
hxujxjbtokpwzplmlefkgfpjxouviwvu,45,37
cmecpjbznyjzzpvvhtkpszfmgpeprhlzecspmvmnxtxzvszrbf,46,57
hwygdhnurxratbsvytsxzlhxiauinzrhpuzedovbyrkijzhxyljmhurlvpnmcedugfwttzsbfwrkcuyqqlw,56,63
aldzalrmsajxudkghkyxr,64,64
rpdfxzwlizbtzcdp,65,76
ejzylhyslpkomw,52,18
vvhjyfxyapfnlgivhkwlgotjsauazkxrcfsomyguqyhqsaeilzpxjtkqxaktigafyuwptvrqy,39,53
traxbhlickbkrapzsikjazxqtkdqqhkecdwwmkuorlawhiwpbmcmgtxcniqkidjuimbsnpsxydmdzbyypsqq,46,26
fyxpscxdiazaouigmiclowmfhaxlormvqiramcfbgporjvdzhswsaazpezrldtx,45,67
wlfjhanatfxdfhyivyxhiiytvdeqrutkejxwhkrperzcmpcxqknscstlutyhs,36,8
hhwjswhvicgkrqaszmpscsonqflltvolzkaltycenjiiscenyxse,39,45
mrkfwtnmyvgkgrylmd,35,73
vbdujcxdxdlyapsdkjbwmszmznflzidinkhwjyzrvlfpmmtbzlqwyqfqpnhqbbcnpyvofuczqohxmodyssiyidhkzjyuldt,36,5
vnozwzhfvwhfaoqxanktuur,44,11
egapduagkbigjeubrxpdyqwebgwspmftgbmhodrbsxbmdewwoepvsmpzekdrjlaedojjrij,43,88
vhgwbaevlxheohxfeshqvbbnxkyvyhkbcxvynjfmiloxnxpviqclmoqdpiasgmzistgwlfzbtydlgf,37,14
civpearyswcfhgkzfhcmwemwqcmrpqedhqmvbwwsbnamjogewobbshzjxovuegqlwogxvxkumirzqngvertfriuqsewekli,36,36
uguqpywmksbztejbguxppxycsgjjxellyphcvkyobpcdqerybvvjjhafxtuekr,41,11
cijckotquetflkzwbojnjnzqlsvfangaklbrxqmy,34,87
dwicfqwwbrhgwrccocrrhiwdctptkqcray,52,37
slsvashxhlmegzbejrvfpjrqlljkwnipgtvrmukcncwlufibxxcxmkxvtbb,32,89
bqgwxyltgoarbxxcbmjkmukicd,46,89
ksgjvbyqltainehgnhseqbhqeehoqr,37,90
tbqalpuuoomdzmdkuoqpanjtpcflwsaksfgvtovmol,36,12
cfxvfozlnrxgegkdzylxsprdljzmettbjxfmrblpzpbxjpiephzjxkgpikdglqdywqggdzsjyuyxchfuqmkazet,46,89
dlvuonsezsvqxeznegespzrgcbbjptwbinxtykyidxnbf,35,12
kalqvxdnjwbpfcmxnrgoaoomjfakinqnuckuajruohmejbwqvruhrwjpcnixvjepcbpfwvjiwlbihxixwgvtniaunjygjbbgfc,46,8
zjjuutjybguvudixdexxfhtwludxgbspuepewmpzmnrpwautjhtlgst,21,79
botaqnhnyvzysailmhangdbeajxevtegnncftoeujlrdhxrufjzlzghbmarzpgeikvtekbglznljssq,29,1
spyhkgvzcnaovmebmkhegqrjpgmn,30,5
qxfegqkkgipyqqksbxsckyledkgzfxrxjohpngfhuwbazfvknaeuclchcskfdtxdox,28,4
ldvcuyepdzrnpzaaflxbxmecjxwhzbjqlfnmrwyqkkwkopwnsvhccpdqefcckmjxguesefyjiirdarqbmupvanqvjdmgogxwxyb,30,2
mmabptithassjanehvbqsibsbbpufimsnvhsjmeqwpxlxuvxizvbfnetbuqgaxpdslazbbmbuhatcmmtfiej,22,66
pqsojzdafmx,25,18
pcgfapoqempvzimmmhffhqbrntqscugcgepjdmhkclisfbnicyg,22,80
fqghtscgadhhzdtswhcpngztktypskurvwxnidm,29,38
fpmpyhryttwkkscybfztupsiodxdqwvmyzzlrbwojfspiiltvhqlgydjdgzfrmmpjfvdidmrfnatrbybpfhjxjvknulrwpx,24,26
xskmghqsbebtbbf,26,9
tchcblscewvzmfbcfzfmqhlredlotbcdh,25,80
acnufakozvdomvinqncgalysazuelybgbfgwhujyjtrfkbfndbpfzoefzxtyxfoewtjayiziwvaxkkejudvqjtausrlwxzqwhjv,24,49
ztmeiuxvikiaeywendovtsvjplpzkinncanrtqgeuewwrhwsavmqikajbkpbhsdvdrgnodhgnbdutlhgvvibvkg,25,95
hzscrgbsmcmphxcxrvguseombealeyjljdzaugctiubmkcolkuyaws,27,63
lldyysmndwcaxoxmdcjdkcrbqpnftew,28,21
wrtdwmbucfzgpdbgsfzknejskxrhbeonxvkwluyfmeovfxhkthtcffhkcrctoelut,22,33
yiwuenxnftxibgnapkvksfpubkfcpvyyhccbdmdvclcpprflwrltemeajxwpnlqnowsmusmlhvxlzcyszabvrlrlxqawsogzqfox,29,44
hwtbsjavnshnpolfxiwvpamvjlghsykcbsgkrjxdkplssmafgjguljblxawazflucoabddfwdpsjfgmhuexsnxprgujkig,17,77
xpcosktmsjgaplnwlqacj,34,31
blslfrrsnbpnucaipczfwxpltemmamxqhjjbzicgzmbnsb,29,30
puqzomrrviohmhmxelvkxkrvigsnfcssdegbfkbbboldhuyvbdsziryxddkehefbfgsxfpawzgmg,22,9
bdckbofdvxcvkiddqfsxfcoxbeslieavkuoaajngyxcgcwsuzhmtxeojkomboidjwuwaaiwhaedoyactjexsfjgop,22,19
xcmiakmqtcdqejenuxeqbldovdxjkgeslzfzwsqjoimdhdnsyukgdesvhyhvyvlrctqmpl,29,59
cjqyrtafmzimnwhcbcoscofftubiueazyrqzvwshysturxpfs,25,98
xuhoenklsuznhqxlhat,32,90
pvcojxkyqhjqocsassubmtzoqlvoszrinsdeycjjomrsrgkcreaebgtmjifxzpp,22,80
qmspdmvblkotsmjevcfnzvypsgnztmsyawgqrlkfvgdamjbrktnlhku,31,12
pqhgcphgcvwaasplec,24,79
bpjnxhgiiwjfdjrqhgmxpkdcjueeecsqfbcaewrbzgazwwgfoieoteyytjwwprtradyyzwgchjxdqwg,29,77
tvjttphjstvyefszcnkrtdiusxcfcjbfpzpflgezkjnisgcjhsdlyciyvjocehpbqurzpxmklpslrnrurotgnkkiwv,20,6
osfsdbxrnlgnkvipgzemagilhorxbjcctjwofjyqaciqcigaapyvsepe,31,43
frwymsrlgdgynyycngisgzmbcivtzzncmiaicfsctrnaqpaabnxrgcswbilucewtabhdengmkjmmydprrdcwlu,28,32
ejwqehyikdqbclcnuvkpvrmclmflbnufsydcfcgquefrbnqmbsvsvnvzrcguolqzkfriurahmcpjypgdcowhh,23,28
kqvjzhpynfhouuofxm,24,7
scagydtyejlkgqjnwvarjxttrumkvybdklspazlbuxlqeargvnwmwxqgyizbewqichsmvfnmltwckpl,33,95
nlfnroayafirdxemwxrofqdlzutjjwcdfnjhjlohuwysc,25,25
smxrngongcbprkbtugrvoekozkhtysgjuhtxpfpllwfgoijuaxpdzqrudbip,20,80
bprvvertlqicevwnnxhjbhh,35,88
cdxehbgvnyldixnjymaoqmgfuekqqhqkqqd,31,17
izwwefcsjmfsrlgztgwnfkfkbdnergzqacehmgizenquggc,19,59
zkcxoltplsdukgaezwlveurhwgiqjkqzulieaamlwklvmcna,23,97
axnzqhzopzpbpzndmyyefypbyulnrvamkhwvzvtlkzsodkdbzbwdyupsjzupizaidnhfgdunbajnq,21,44
bugfksfdiwhztwkullqwrvshfljndktceumlhmxzavuuxhbymlfhgipbucxskcjoyzvyxhkx,32,79
epousveslwnhhvwas,32,51
pndfzdbhlujsdahoaetqelbcherqleswirctqaqpuywvefpppvjkwdkwslmylmacuuvhbwxudertpvbysbgsctkifxl,24,93
slumtyazqfmlhmawrptzvuldcfmavgwtbyfyrxcyklxons,29,79
wzaswaogxhgjcpccujdaj,24,2
skvuwrffaxtykktitxgjwnwqkaezckonjqmhnkaatnrhatefowzw,18,25
bqtivjshwwrcjsuxxsgsvrzckwzulhsfjroeoohkyytypbzucfefxswbasqfamhzaatuioo,32,99
lkyakbpksujimadunoarbenuqfqmdbheqqthhzhtqk,30,64
uohegebkgyxmvpsqympwunkzdmhoyreembni,22,62
xeyjmoamctygxnsdngsymeotem,20,87
xknpgoqudefdcwpvkspwkhvyqdwuozfshtofouykpdvrqkldqjgydujesqpwkmjzxlneuwgpygpcxhdnejlfeygzds,25,80
tscojtgtcgqjikoqbbauvmmvqulrwevtuccyzbkeuoczvziuilceltjwlthrpzxzzxrehqkxrcwfzivbmbnqgzvlqzegebbrkg,23,65
juvjbdttsuooepaxsygxleihwcitqszlraoidrvtkyxqtjdildozekgunhmdnfwrinuytta,32,96
fvfnlwmcwxfywhriofalxiggojrwepwqlvuovadpjtuydscievpvneklxlmpj,27,52
jygdtogscjdlhmtfeueehqpy,25,19
kdwfustxuurpmkqlmhhrkfduhlomdbbrauonnynnceufdtjnnuesjtstmwuelxtnaghnjedskkku,16,78
kwrpzaktjbpyuarinusovcjqraljgtfalsicbyhjzszqylcmcqreiyip,23,88
tollmiwibxvfmekpooaifguqektvvxkakmzavftzsdcxopkxmiglxdrguckkvggdwt,32,37
vieuwuvikifemtdxomkokdwkqetaprsnoqntfnnulaeqenntearbixtfhw,30,52
puqzhovctrdabuvoiutantejoweufmfzufogrjmnsyybpmjjystmliiqsrfbasmhovacyjcyhcaaifrujeqxxxvsptzaesvqtoa,17,2
lgpbfhtcsmrufobqgavtqsenwnrxuuykdazizsdnzppwzkkxcwsvcg,18,47
uirpbgbljanhsdphblvizhltfnwiduaykuibleoehxoxgryqbkpmdipi,19,87
bpcvwufrknwumkxbysqwqcpxjnhvjyvigx,27,9
pzjffkxutrxeorjzguaazfvvfronicbioppiiwvgdmfofseenhsthrbwjlpusfhnwshmkgnsxfmslgvk,29,23
oqmsmmdxhfjdvsocqjxxg,43,72
wktounvolcegftiectewdhwsbtugrjogpnqssodzwvsuyhksmgoolohbfumjaltdvdrsagduwjemhtkkjnfffzbwkg,27,35
daacecsklwstohit,18,19
nbvegvfencschavzmtqktlvnkcarbuajputroshvhvtvhhrfejztjbsmxsqwhqcnugeagfybzxlcuaojxogyvuof,29,76
wzyiumdrzgddwfjcnyfltmqdbazoxklaxpycfqrjccafnlcodarshdhzpehqdqhnstn,22,10
bawmtfxzixndrxyquocwpblwfqbeoivyhmtlklexrwqtlhtyizdapbosnvryptbmihukepurlizjs,27,86
uuctyxfxyfdvdlqdeomnstjcrbsbsdxbbphaafuvfcomicsudwqballucj,29,56
xpiwxiclcoub,33,60
affbynvgmephsuhjdbypdottqtqamkyyhorjxqtwteniiicnoipqxjhtivyvhrfopsdctmafzsfwregorjrzxmfxpoo,29,95
pucpwgjykbcelcevdmzuahojzjxgmpgojfehhabasvbzbzpczqcubfbfekv,397,51
cscnxpejru,169,93
bwmsfxqjlmnpfgflgbjheluvpdfbjhppfjgtmhiuayfhnopxlasxuofelttcyfhiizmzglofxivnymntrwj,152,52
asvqyjexthkrgsubsnktrnfkeclppaaqymzjrjonvuckxnahiakpizueeabawbafa,125,80
azoomxtuqxyoxiffctdmpqzvxypnbbnkivtnnrihmahalsptqubbkpjefrjkwdbjzrl,111,79
wkjiwqlntxenobhsrqznlvshfgryhohlkurecbtcvflyvawskjowgtcsjrhtuwaxuegluhppstocdmhwtguztpfjraskx,95,91
bnokzcllyzyjxljomkqwguhuhnewryslitzomgefsoffwzroryy,76,22
tpmltuwalvkduavbwyxvv,94,89
bwdjrrvhmcuvhoseriwysjrsjqktawqcvzqicmfyuqlkzmpiihhmxiamzalvljqcejvogzshjlg,76,47
ruqqqiaenpbtetnhdyw,65,86
toqnmxdhvwtdgdssipqkbsgghcxlgwrr,50,76
jrcxilplavgpxejqveqahdsfbxpwjirgzfkuwtiphpogiyoxvsplogtrkfpfvtacnreoimmjlhmamjpwtuniqc,56,83
jelkixioil,74,42
fsomqgktlhupjwnuaijfckuragjhgekrjfxotekoqjudmopiuxlifatkmaztltdhzwlqoxfwphjvxqepmllrxaugbnbabxqlqauf,68,74
egadxzlpzfxnylxsvvjezcye,46,79
mwocakscnhykpsjxzoqezpabzesnm,54,11
ycgofjpllagprixqqkflwxugzztlmzlxhhwzzkufxcryvvpmnewnbygwndnrcanubrruxqpcsnlsspfyvnrjihacuwmct,46,79
zjawojxmqgoclronijxktltbvyywshjuqwljdipgdgxftwfhtvpscmaqgrembsoiwieq,61,49
tbzlzttlkcw,34,23
xylbmfgypferxxmmjppsrwffcuyiizkkoqrclrhykhpaeyquxjmehow,55,65
fffzyiovcsqohyfozsrzmvirgggnlrwwbukwnvbutzukubsejlavvdzwdrhnfvq,47,71
rgljlcfyqdkgvzulehqycatspqsbxeijuztoymrxmhuqrzknpjobysmvxxvhusniqjadegtfzkrvgn,52,49
dnyqjqgstxsczwdqzboqofpglbidounbzdvfqtaqmikbdphgcasiaxpekaszfvuesvismgehmkhzjqzsorlehbnwr,39,74
mrokzjuqeapxmwlgwcxltrebaxcdfsnsjklmfialtztozcpvizhubnxazvrfzgospnjnrbtuhkjkcuoaedfmtfcmu,33,21
dubkynaxlwezsahqtwrmgqbrvcfmnojjtxeqepfrrbrdjflyuwvxwieurcmduaqrcnymuukixscplekgwcoqbbaoz,39,14
hjzppcmvfsmjhufzawrvemkrfwgcqwkagjirlekjpeujpitmpoumbxyevwbsumjimevmdudctfz,42,2
kxmkvrhcqxefwdcpotczhxyugzvkhrkumyoezlfxavzyzzqaulqqbornqekrunuqvmyfhzcrxctzjcwucdwimqipwwpx,40,45
vkwhdwwfvrprmfikjxydiialkfwgkbzxxrcddtzkkvlshwgicwiwafizplmkdicvgcnokmxfgedfk,36,54
uyjocupptcphnppmrkehkeijausbsgvwhxyafacclaqvnjigkytaatoqwaumdyicfzcwfmthkjgttoas,39,6
kyfhmmpghliadreeikdovatlgdimordqlogcykmrbiiycjeobzyjruwcqwvkcexpwiekvvqgv,34,66
kjvdtqnprmmvblvnljqgjgxcighxqjmbralfgqqpwgegtgl,27,33
evcamtbxizunuaygisrzkkbotosljmjyucsyyhnpbhujvuwimgwnbizreutcrqldr,44,99
lpxqbpbodlafnvwvcbbzliafrdhdgtxkzadhaytsbiqjznkyzbtvjbhttmqarntesfzrqbtzilsutzfn,37,19
olyzdcweeauhijzpmfqevcjdmdhkgphznotlrgseuapdlfwldywcqjsijxehiekowircqadeatsttugevlujiudwxn,42,1
pezoxvvzcknucawwtqni,50,66
skpqjjuxxpkescepxafhvcofriqmppqsofaxgguuwiaawsq,40,64
fvompeitysfpmmpjopfumzspdqmcqifxeijibtzjhjgivmsavhrsbvbsbuidbnijufrgsqcodtpwgrjymr,35,76
nkvxglelpvlsexfslgnvylcpbugixoochfopwha,38,19
mdlbvizitfbtcwfexdksnavlafvgmypyznvwgtvealayueqytudbecnjdsthhhojgdyhtoiofpjiik,40,52
aairfezrfs,37,56
ceegngeyvabxtantxzkrfwjynzeiobiguklvbhiufytliasxzrpuyishhmfqcgepvolbievecijhwowlxfi,38,92
phyzqlwcppyxjsuvnpickdlctpsnqesnyrbvyomjttuiogpoacncuwcnznzxpoxgsm,33,90
mmedkcgykjqoflq,42,99
evaskongtymmjsaspdxkxogcmyqmirorzifzqcui,28,5
enkfsycihzgvblrgjmgz,26,81
prsufmapjmcpdlvsmhubsqoqsofanvwwiskoihrhocnwimgmwzcajjapqinosmbzhqdxptnrpbvk,29,56
jpolvahkgdzvorremcykpbjcensohsujxncogff,26,18
vnvquklvjvafthniwwrprbryw,33,90
lbibiltgqnl,29,11
zlfpgxopmisvqlhybmemwgsnhhihidsjql,29,63
pkaqmfogivksgxagyrfibief,30,70
urrmvsdmirxqxffqkoikpgpktuxzppvrgdaunbvmgbyvmlaeynvhclwinyowyorsmcldjvxbokwheyteapsculda,18,91
agbixdkfofaclgwprvxhkzkgjiolxgccqorp,23,94
nfqnazltxhszqwoyedjwfinbffnnxsqkolaohtzesyuqgdyaatdafipqgjzqiodmyklfqbm,25,2
qfueqgswwuhvuokdhvgbliztytidubshtvytphaxfxxb,21,34
ggkvewyyfwdnjpxgnywgcdhymvsqgmtrblpdhwe,26,2
hrvqughgkbkquaamtmjbejnzkkgzaauouwqgcypztripdoothcmdsbbjzowjxuigtcsxoptuovt,22,25
mnfbdrooyqaxjbwakrrvwxonjsrvmpjmlhjmrdqabfhiwlorwirbsgwqynyghfrwwauqvjdujwjhivfjkggfwio,26,47
ivdqjjzkbxjonaxiqtryvgdjtrhemsvsqrobubvxctetgmezjowsdmffcnekcszuzxhgxbjpbiotufudomlpygs,36,88
wivgtiidpvelgzwdhtyzbcgipslkvhqpxdlkrtztsyqixjdeebfcjymrl,26,55
qzzqryyxizgbzakeeekwjbytxxtuphglohpfhvzmqzwiucoemmycsjkowryppovgdmnoddikdoxgqyysu,22,6
stwzfysehr,24,53
ylsskdxoydhnxcegzfweofaxuxeenm,22,86
hlzvdgmvmrcivcxcznivungmhfyqemrwhm,26,6
faptfnoorzrathmgijtkxqwxkeifaqhudgfkmgvzfknrwjxofcdoyuylyhgmcyhkdjndfypxyapkla,26,8
qkilhirrmevqopqgqvbqwaverqfikaebgjtekuvufubvtogbc,25,67
vnuxngoumdnxbdlbwnnzznsxfswocdwyylznipwgrfdhpxajaslt,18,86
lfpldxezkcgnfshiowiigogrorlvvqawodwdtxsze,29,52
xdonpzhgrqaeoszkfeqkwmsmuwcozqqgaotzchhpacsplzprizjeymmhfdroojftesyxfmzwtnyttwpvmtnmycjmknvcw,26,63
awfwcnggjqljcwdvyjzbzfkwpgxpzebqpgozvbpmaxekhivdeocjhacsuydfypozbwplxxnoigq,29,54
ipkuqklqdunuzcwgxbedfkzkwkwowycgupdtvfznwvf,35,60
tmncvfeasadd,23,57
yftkkoatykxtzeodqosqoimrtawvchdonbxbbgzloimxzybbtbiiffvbzktxss,20,80
atqzcjdfbrgxmmwiggbyxcpepotgjkrbudznjgskwbfyuuejtvcuhvqcxtimimxhanzhrdlaypozbmvgntzmwqzom,28,88
jgfzghifcutlawgikeftasiqugxqqgoveiqsu,22,89
ylxiphwfvrmemupgnk,26,21
hcwqtdledudydsumenmbwrslrdvqx,24,69
tkqvlktxqkrozzvzwyqzfowittzryiqagtwzsscarkzfa,29,15
zmdopijugwjonpa,28,96
flzyiiwcwoxirjtzubj,22,56
yhmhisupogcgstwzihfxxovfomubbydviptetbkhcbcdwnqledpjqukihebtbocrgttzsxlbsowqcyaaqqcdudeea,38,75
zpbummfgsdwsjeojtriipyvrsnbbvwrtponwcqiqrvtgrslyaoacq,27,39
qvbdqhgmowzhkabatrwqadchsxhotcondhhtgwszmnsqorqxeqvejtrxodnpgtga,26,26
fbrmywexrnuneizkmnrjzynxhbgyfqcdooxirmcgvzkopdnfyfpjdvkwesqryeriuqvgwzt,31,52
meybmdvzykssqulqzrpidijcrltlktnquybyraltwbqfitckgdgpp,22,62
dtvrjhbgchtdrjuoqnjniaxp,24,36
kzcgxmdkpndeizzqmcsqxbjtuafkjtqwfpulakwcnivwprlfvgmerdmfxtcejdnapdyzsymneaetfkbjblkltjokungnprekhz,34,48
bomzpfdawqbcborzcrixfzpvnqevjlzuwojepgywazdqpkgppnrgbobfnkmufeyeaojgkmaeoyefwzquprpistbtnropvrczj,24,84
prcehwijetccpjbabdgmmrxoynwibegqsjqfpujnjwwyesfhbyowfspcxwnweulxeyhdfrtqilrvmkrnjgnwcbkdmo,20,69
jgyxudrhofpoq,23,59
tcsjdddsxrmbfrbzjuukjzbtmjksofyieyshdtslarna,23,13
lwfboyzuykoyaeyfxjmidnpdezthmqehqxpwfitphqpfmdc,24,83
mfrrfadmxdtueiinmwqitgcsivpjgftvzpwohlmiswlcigprfkoimaril,32,15
iejoarsuidommpxsboizmalgjgwzlrusfwtyqbpsldkjhvtnmrtorucfcukxktyuglemhbzocjjgtccmawfuvvrrkvhd,29,62
ohagdxgihvfbtfjpqiiblgcvabyseuqmrrrqjyqhubspoepfvqcs,18,15
rwzrqftvhqofahpvbdfbtccplyboavfxuteqffrcppqzzbptldtyhqcrzjhuuibpzmdrymltdhpdiipyguwnkwjyhe,22,3
rqqdfxjknteqallindfdlgpzzsqewrtvgwdmeyzsnotwfhzycptdwelbavuhjru,15,88
aosflydybdgjnbanyfhdjshguzlovniicdlbiblkpkcoremeupdkjlnvaiabqnjjqrggckuyiwwlmpkhkiah,29,96
ymysicmeapczxacgocugrkqvjwrcfsqgtaurqhezltbeypvaxihnivdfseawwbqpsqib,30,55
srihokmvipfclrovrrzsjclhbejpwu,16,74
fyaqfilculgrrqfozvvkllqgiauzadrojfaxomludcquiejkwmguhhznpnbzznoei,21,27
ehegqevxsvojrlgljajtjhpnbuaxxnmoyanxqogjxuk,27,74
ejqihokrlejwvizwdsxxrwpvogpbenwiyuamywfkzcjraysomijgarwblpxbretjckcs,26,72
lnxhpmgodwevrbckvxgfvfqqsaxyzfeozdasymlpyfeefubxwdvjlomteainhknnjbnadm,22,39
nctqphhcdfoffbqxnnohooyybgltxzrorikogolbdfitdfyyk,27,21
upcqyionolcodzmfuotabekrwxzqntjqmoawxwuwjqwwohotsfzjtjkqmrbcivredmcfbkobmay,32,72
xflvbymlsimkgwwkwhnaadiduehryhjmsctsftahiitvntkqtgjjbshbvmuudztcslraflzfvhpevfkqjdgs,24,23
sgzkljnbrwfvjscokewkzyxhegoyaclqspqamqkcyzeodtnvligjsmijncbpdseohvceshnblly,23,80
kcxxbfuqjrftwiqjoffsanhmjvmcvetsmveabxkeesbxxqqtwmmjrengynukeyecqmlfemhjjhfewrrozbsrruynspfhrsihunh,28,22
mkvuiziarcsrerhvkqyqercrwmypzbrqkikepirbzqokihrjtnyydtybzyjjcmgoeeau,25,24
ukghnduhzkpfvttsjrqhyrppsqwhxeqihtjytxchrjndxuizteycsihzqishx,35,86
jumggziytoyywaehqrnnnvepnugh,19,51
svjivisnoybhozoauchiaqfkwap,26,38
ouilycramq,23,40
shsgdwseqkjhvofiv,27,61
fsedcowgdnrpioohgcefysuvuytmpokugrvognrqisvnifpywyzvyyyspwhfawqpqivsffzpxbknwaopvxw,33,76
bkejvgfptolenggdllkmzbxgxbbolhvdlkxjttrwqiwyqzeifokxtcsvmbxlntcwgzwhttecgix,28,28
cbxeuqxqcxafbxzkdbumgqdkgwdcjpyjqfugnudrplirlzowlzfbnro,33,33
mfgxdfgacoqohyknlmepyhhuspusilz,16,37
toogateygggdwssm,19,15
ffygkvsklpmup,332,63
hnapejzsgqrzxdswzepsnrwhupzxeoeourvexevzvplzfatcnxdeioleokcphan,171,35
rvbyrwhzgfqvzqkusietecgfllzvswjypculysxmqfiwbvhowaouxybxyhufneoazowbqifwmxtkllunuctbrrezedtzzu,148,22
dsmcwjpmomksjeknnzqlgnyyqatnkjvrigwkosrqnrgwusfafpwlcsysdqyudclrfegjrbjhaosgmirdzeiynpf,100,74
knwlhzmcyolhaccqrjrodrquzavpupxqhlirczxahcgukvfyrjnjwdgvclyrbyrijrolgwz,104,67
zznghuzphdxpffyvireslpzieohxfnybwxritdmerkyuuysprppivzmvzlodmvuiugrxiqbxavepxman,95,49
ogbdomakokymdvfwpzareaidbersktfmvawcrvoystglticrfhlhiynhohbqiozjwpxuvzmwivwaitckvmhvprvgnuqmkrie,65,98
dujeekkipzorxnlgbyqkqhguqgkgjaimlruzvntntpbvfzuuxtcuazr,80,47
nkoqcbfdgeyjqnjpduofeobmrfilyopppcnhmloygqiuwyzoypdperfi,91,31
qswhentzpmaswnahgqgmelonpvhegjlogtzxj,69,14
dbgxyulbmiegbpqjjvyugrotcgddympsyqvldyjipz,80,42
nntxzkpafnroecjdeuasfafrt,68,51
novmceeekpcizaqvkxyphhmoth,66,48
jaorwedfyuppfxfmvkolwpzfcne,46,18
xdymsbwfsopjckuakurhwdvfubshgqdcqvvearhunboqvopouyjpbakkhclvfhmrfdnilcrwxygwioucqmv,57,57
shmqzllepevdmfbsxcamooddbfqyydgwobtqxvjvwkoyvnisxxzjdbpbslfgcbyxszgbkwsgwassilxsolosvssmxzkf,51,70
euepmnknkbhszhbiviobtylmlwqhufargkosyxnnwrycyg,47,59
jilugbnkpqefuxygivelnqvpbpahaamoetjmmalhvlssqxcjxitrdkmjbqqqgboxhahnvncmusngcbnh,46,13
mzikvhjseodyjazasocv,50,47
ixdkwhwklkrveshtzhoqtgwtbltcakupuujgbpwfarqclu,61,76
pguyzljhuqd,58,6
houkmpqccccguywrvgoopwsxarvolalarhw,51,3
zrxewqcbpfahvgwzpxyuqxygvbnqejpdomxpbokpotmkgobrpuseehssmuzzienkjgq,53,56
dyhzfsjrzctorgpeyxqakkcqovuehoxcnxnjqyvqnphcfygax,37,56
dyihrprqjgfpsgnitrupnstslgxastqpwarpzynpjqhqipmgpmahmfhqqxzupxhzjkuholjdc,50,50
xfghmaqmxcrclktkk,50,76
hyxykkpvtwvfovycgaxopchybbozoittsjbxbjusoxgmehgnevbvmuomqmnbe,44,25
rirlpcmdsipxelzcepwwmavsmyeoyqqgksjbpnwycgcdgkelkyhqxc,37,97
cgrhvbwbgeejdrixthealtpujujqnglaudavwlcjfutqvrgftcoebhnhsss,46,63
bbqruyvnmmsk,41,75
igwgonutjaealrxoqhikohmrnballskzb,31,47
ksuvyhmxoqemjviebpcxbvigirvkecnqwmdtgixetywrvmsfqvekhkcszscqmjhczefmmcvddadqehu,40,58
aenrihsgsf,50,49
maujidxtxnonplawbvverojjxqbvgvvqeskgchkjlilwguyhrhnzndrtqxiapwkgfwbvijcpkpmlkvbeqpxzxkz,43,30
bwazbtavlyjsbvhkxbzkcuigeqqnezihnzpnjyvmnbmxxseeyjryznweecjjsupthzaytrmtzutjlztobtq,33,49
ciymremulqciqibiwnksomenjupltancihvijfnqyxsdmfepvtkqkobecujfundbnphobjrjotwopuqbhlyakcmfhkneggirtsfh,37,41
edxixjbslbmtuzdsaqbnrrryvqfn,36,74
dbzajttojejnehscpzoecawrxwdbddspoelxjlsiqxejhzqlbilyhbjbrhldepxbbjwmmdpvgseqnufpwurnttbkgndw,43,69
nxcbelxzhocqjrrzyztnxafabwyzocvnhganktxupyubepdmvkynyasjskyrigxjapmzuxmoqyplceoxiyacutapiaxlmdodp,37,58
vhsidxwcunjqrnsdsmpnlredzodpqvsqdnbohukvuamoalmlqavdfjgwlxdgki,43,89
cetxzrjboivdwbmhumvebplwpntmnzdwsoigqhkufwozowyteufuxdpnzzyllpbscvovyvlhm,43,1
xzkkoxdhpgczevnwpxqhbkftsxefspuakwxlemrozbvyqtzisvcintnkuztjvuvaruepqrskrtnpexsnhsmrmgpxregsrk,40,86
pkvrnqnibkzwxqht,37,48
psqmrtgbwypcaieahtqpap,24,88
yrhnkxqwupmebomcczntqdkduyvuwzfcqujhpxqpgkpdvckegyaeini,28,88
txxmmtupshwihcxzaivahlmgxacyehxdlockzhguxowkkxm,19,32
ihhwtqlluofrvicvawfuqjvhfdfchhfypipd,20,75
bfqzuiqsfpyfbpbjucbwwunobatewbqxupfvgrwljkzk,33,33
vfkudnupjcohmkinanwrtjckstbcxsptxnyfrrzrtyjrcrfsvlhjirkoiivisonlvalltdjecifbbsiihwvqou,25,56
anlkdyxblwotc,14,55
ctcutxlyrtsaxqnzuhtfkuhrnwmxxoqudyyy,30,30
ijzktfmgimwdfvcjuglaqupvacuxrlnekrwpptepi,20,54
yulsrwxhthuywdqyafavxdrsjvbue,28,78
evphrayuavjlwzyadocnblqhckkdtkaetkndfrhbmywlrok,30,73
jtxasskopxowdtgoqdjiwlbujkkxzaubgulkwjfiothamqgrfewhfofi,20,62
yykqssobhdbwqclphcvayoudpequkwqlficgcovcvswsphlybnhiytpvtmraelelclubtvzrgohoxbwydiivmjdoselhreosqjxc,20,15
uqlcbepjszodlcqurqziuunuvwtccjfmjicfmuetwhwekaeeyzyqcptiyycyztaodwydaojypbkyotwbmbwcisuvhbvd,30,2
nsaocyzspqiittgyzxrhsybiwzkyqel,24,10
xpevapsbfbovowfbwhaivssjiaqljnqeqpktibutzjfqihilzxxxuifvgrytjipnoxqzhfzhkywjqkexu,34,17
muoopqfbwbxhgqvaesjibeqwfnb,19,26
xvmsawkzmbxutfncaocslykpxwmlqeqhbruoerbwdkjofnzybwlapkhmn,21,77
qoblckhsukhtgjkdmungzacguqvyooxglumpgehouhotbxakbbreorbdchxfidndelyrmyyopvrhcqutnxaqkqe,25,1
flwlckjgpemozdmbdwu,24,40
syhlmudmzeiewazbqoigjfjgahztxqdyiskozokmsyqkcocafvcofsrt,32,76
zbhwvhmoekkzishimqncxghg,30,95
abkmdqrmsioklcxifkkapyrgnwpsinhuevbepuxqvppjp,34,61
flergcyllelpmronlrkxvipdhkimnvqheankidht,31,22
uuncvufmzeiw,23,16
gcrnzhhnlfehuqwegshloxzwcqdotaxetmhaclhoyyjgmcdpfgbvj,27,76
hhawatnfwvufchflujrdnlskmmsit,34,78
ftsfztagtqzorytjdajuaowgcjsnlpxseoimnayh,18,59
hpebwvdcszmczpyqnrfhxyuabfpqlyeuodlotqmqvhtmrdtsfvszstghljtxccu,36,90
uryjidsdniioyzvorofacyty,31,85
mdpxzahcfctcssueieysrbxdxcdfmjhdoabcscwmctzrrharyazvflpcvficohcndglc,25,51
ussgnkykvxiuoeasfdahmshgcwj,17,7
woexnaghismafgkzrnvsvrukluymslpuubpmwudnaqdxuqlbhryrastwkniumipgbzxhjeipjlhmkaobseorbaofjfyhtisuvmv,27,3
owqojjrbxaqpwgrtumtbdcmrdoiipykflbddnbnuxjmcfxwbetfktlsaxvjnppmlfittnscecxorequl,19,53
igfpklcuppzypecchukywhiaturqmozmmqunvrmmcslicgfbqytteqsrpbexwekwkksifgoorjgrnfxdxzvfbrosgejjldprvr,36,43
keoklmfnxrbitqbfbymcyvbzqdufrrqrmxzmgviyoqehlasgz,31,41
idqxdvrlpqkgartfpivobox,21,69
jmhkohqfrzczbamqrowqqgyqeoymzehnxooscvbpd,27,26
zntfgoukca,19,28
vblvhcelfrgotentbewxtpfyxesofxwidphlcjdzrkniaerdaxkscuurmywzrupykqanvwucmyl,29,12
nlqzvyvyyglepzpxslsbmsmilcyddyvuhbkfahdjtxortjwrqvkhdcneyjdmyecaxfiqbgweueoqzlqxfptomoffwyq,23,27
ujunyfwbglhouwfrqmugwdrkipsjrtnewshpyfhxbxctpyhucbqwyhjvjgyinvminc,24,73
srmaudcfsouahcxihowpwazdgxtsnmnerjfnvkxiaudcguxztjboufdbaqonhbwzqhhegjzlzeqrflpwvf,20,27
tbsrldzjteqdvtxkxovpimfsavopaqqgejbq,30,72
bnvlqdxgvviwqezqchbwnvnsqnqzkhwndntxiooxzaueuqfiyxhcznnamffensnrqtcdsqfiz,23,9
ahxwllmxdxhyhrflhyhetmagenpchykbeardzwtg,27,57
sjxaaclzkjbsghkkenaepreudnzturabomgbswxbbmflnhqcsccyrusatinbiezjbljtdvg,29,92
msjdoosdwgtnmdkhw,27,84
scvtetdhmkmxvhfbflovfgfzhqdioytmovxwkwmutgqljzicwcssoqaajvtnonffmrbjrogqpsmevkgndieios,31,86
qlubngzhkydwurcziytyaxrwbuokuggdevhnhunocgsitschutgqczawmnsbymscxrksvgmkonvi,35,65
qnipzumcjpddxfzzvuvzrfgdeoxmpfpjpakwlndqsxwygxqcqfljmyrapkxpxiijymnodauvtrla,37,65
qyjywejoyvazrcbuhnrmtffyohjdxzztcrrakpnpfhqgvivqkftzzjjglca,27,71
trtqvmurhxdkegvzvsecgjgkgebqq,29,1
ojahibpysrmiyvfkgrmzoghwhccclytjqfcqbebhznk,26,89
hzhuzgrwumuncirrtncmlmkhyvefhjzmhniopxrcrxolbrqfwxljyeaabmvekbgxtbyomrowulnvmtsdtacwwpijbodngep,31,75
thpcmvqbhxnbtjpmkkhqqbwxgrkkmaqfjgrvayzxubmismltwllnrdywbozgcfuwfvllagijiinizvodcnwnab,24,8
slatuzfmxbsegmwthabskuxxxynvykhwmrsssdwckdujazkvst,20,73
udbzpahqieqhymjwpmvimvtdvlbalmx,24,8
rbwpiexjgy,25,49
zhbghwhbjyjtsnwqbmtywnezcoljexsurstvhzethsuuupjplomphfqrcouqsbnfuppxibxgx,38,50
phzjjvfgsgxkoeudfkhabutrosobnsuvumkibyxggmfyjiopyteuak,25,86
rlknypphhokupxosahlapotebavdwwquq,25,34
pwmfubgvehpdrdtzfmspscvpxcd,12,81
pxyabcknlnkyfbojjcbojdqybnywhhcluqodrgedtvjvnoohpynwsjxtacnpulsyldkrczlzksvntkljkevsps,21,28
savcmvrrldfxixpzjlmtldotkegeizfqqpxupqdg,21,52
xbuwfwpeehewkkvpyjydrthmnikswsvkmzihvtgeonfdmpkpnwswbndosurrsceotovpeqwvauubeiqejrw,34,89
hmdralzxejzxrshfymhhppeuvjue,23,6
xwernhvzcplrejqqwffbmpxaljvludtrqdwfqewlettnkluzgiqukajbllkkuwbulsclzlmkpfyraixizaggenv,24,2
fwfbkaaziyspfkvuneqxcsdottbjwvbsomdhvxfkomzecavbsuhpdpvyrumgdpcrou,24,48
iqyozyramnxnyqdzfjqu,34,42
ewtugjyrlqdfmmwfsoldweldzfyanveeqsbpmidijvg,23,45
jkcseidvlnxmrfcblvdonijgnurgueunzjczjgwukyanaxqcjjngpargodecljovfjgwppnickkzxxshjltiozfqweqppxakywa,27,83
ropccouuqkzhxrlkbxmontqwigyqzuxbduxejrwsrviujmmjlkmvnhvkfoguno,28,13
oytxrpedhlevsmaesmipabhoddglgebeteeeelgsjzzsecimxmwgcwdaecgbcmqcccohisvurejklroziqbkktyyzfjw,24,37
ejijaancyteetet,26,22
oyiydbnbgi,20,19
wvfsqnyyggi,25,10
qtqntqkvqioouwfujojmjdurfxbrfcqsisl,278,45
wrwgqnhxviqnaacnctwpkmyysedhreewiiechohnxwdcrrzmvqnfqfuhxqjbpgtljgycrzeooyzitbzidbbq,135,2
cxdmunpixtrqnvglnt,146,54
ixgiosdefdnhrzqomnf,126,33
xybwfjcuhauxiopfirbnzodqjnrbxhtu,112,4
xkbowoagajfgfwxjweyzjfqybeufhrzpzbcjvj,90,63
mtuqcwwotyhumzeebremxycwbrkbkofk,74,14
uknvebpirkoriljfrsoryrngsizixcploywsmxvrvrdorjbqwzjorqbgrshgklepiturazhoukg,82,99
ddkcctektekhtqcnvjhoqqelfrommuhmppndcuansrazgnfz,71,9
jcwtzqrqxczaunfzgovpuomuqxwddglozxdzn,62,40
ucwntichsmhpigfnpohzengvlxxlujgwizrkhwufkijahmxdpfnpq,49,36
hfqkjptpoosgnuhazipxdqqusnufswthewjlmhofufp,71,4
wbilzeiisymxlghikfszhl,83,8
kkjkkvaxplrssftcqopwuzlkvbdrnnipinxrcsznmcwemkuf,47,25
ljsulyfewfvgaaurjqgicjygwfttfenkalimxxikixduvacxycyxowylpihrvenwroehsfohkdzcxwdczjv,48,12
fpviiollixxwheuvavsqmdouaxweyqimpxtyclithtyuxjnolfljweqeignwajnlenkpmq,43,83
zinahrkkhaozmfbxpexzgtljtilssggkzudameyiymagikvqikseplyrfjmacjntbxexpysiodplzs,50,76
obexsavebuajjncbmdzunwotzxugeniwpyyicmcgtarzsdfsdgegukigecbtdubyezfkahesypeknknyjcaqv,56,26
jviualmpljxchkrpzbbpwqbitrmcchb,58,12
cbynavzxlsaetuqcvieqkwwtnwglsigogtaipeucbebuuudssgnuinavcmqehnnymejxaroppfzuizfibycdtawuypyea,52,79
mpthehfptmzojzaojghebugrvchxoonempeituimachyhbbitsakdgklskusrdtpcpuftwkawebrjghapggqhhadbviczibvivmc,36,13
ogpusxggdgqfbxvhsnubgfjwulhzepwdvkodqcjjxknimmbaxwtbzhfhibmlotiqrxmkvszdjqs,55,72
hpwaxoiagjmmfoljzssktymccczsnslqsfevxrdaddkibyuujvbronwkwjtwnjvbcqjjmnwwiyyih,38,13
pegqenooxiinjl,39,24
tqvsethttsgjqoxcxruiohrmugykjhwpudfejz,39,38
wlzgdxstiueucocoyuvzbfhnxqldbzybr,47,11
cebgpiqymsrdqtnzguzwmpufqdjxraroabhdyki,46,60
qgdafbdttiaopjxxsxbobktmcqwmjh,35,7
qatppbocwfp,41,94
ufuqiyhdynqnbzbplcwvbrnpeppuiuxymytajhfpvamibetxmbjwgpqvxtjkayxtofubpzhpprszxy,43,39
jtblaqhpdzadcfuemktyhkvjtuwbdjuuqwfrarmkgbqgidnlzxg,44,71
xhvvhbftsdikrnmltzcpfsquqfzcftlzwfggyfftbjoacrjluoktsulflcnjgwpoharzlcfroryxlkbukynvnjqqlfad,36,69
nwphqcvpnuremtvzibpxyjbhbxuzxbvshnvntvazcvcqzphjguyfxxkmgdskuoamxnbrwxwqjqpfrmbiqautxdtlnynmy,38,56
tqkbissauczmwhagqwyqrllzwlojnxzulqiuvdwfbzpjyzlnvtrdprjvkliyzmlnjyviomhwfaloewqmgyfxppqotdnhwqjhpjgc,41,95
ftwsyxapynsdzkzfojgghujlnzwfftevtjtbljcuereatsulfipeujynlowggxqw,45,5
ivtugnnyrerospdlfhguxhbrs,43,18
lzuwnatnrsmtnrpadtwwayzapidpj,31,14
yyxquznmmkmssddyuewudbtltztozwjpequmyatmeqnrmwgdolzyytuznkgvbtwakdizmeqvkfko,29,97
oujppnaujjacichdajvumedbzmjqlupbsafqcxjfzjczrrzomxefqktjnjbetxodwidzftkn,37,20
vdamewmbsmtzxntxfwmnsvwvzgbhvnhmbmnmsfloapqfejapbftcuzoonettwmgxqzkassyuuaystyozhasjs,40,56
umrgwyezrviaqlxbdhlknxfkr,42,82
pqynouikvkcbmfwxtwgtfwhjsnhndkhkhflsxkhyfwqlgknyvwvedzzmnlzlwpcuwvgkztditecaqyxqoezfqoqntyd,37,84
hfqeuicxibbakhhfugqyonwxxuqidaertqxrbucpzazpedqgpfrko,47,37
scowxkwfvdfypybpqjjjpuphdq,25,85
ywfpsvuyeyorsmemrchkclkdcehfaxac,24,88
asafhzedjtnriqullmsrccoqsctbyufajfyyfpsutylrsshtfuoadroxpzjkvhktxnrbkgnmecsollnrrzihjdnlgmwztfbomqpx,25,87
rwlopbkozbh,26,86
hgvajoegfikzhaqzezyrkezhlxvxfajnhykteusezpvaftlmdlzdtrb,26,23
iikhxgpvhuhqjvnlhxnvrlqznxhuufjfynhcvkdsuracaxxi,27,66
gztaebsbaqmfgusknmnayoapevpdxxdtnfrngnrlimowqqbbpxmhkkjqcokuekwzxphsxamddjwqzhfjhfzw,24,52
jasrvbhlxntztliaebsqhrvzinoxenakabwmljn,27,83
juyphrluyhmugzsynokcueumggtqpq,28,66
fdsuquodyddyyukxisoqmnujznkpfreegguftswcdxqnhmiwypxuerxvehtrwyaybf,29,35
lxesxvkqxhvxwstneqaakcjdyoayjazcbgonm,22,48
yzxacxeqjhxphlvtpcfuvryumhwtqeytikzdslvydqhtbrohyidunliqhosapyebihhjjsojicm,23,87
zpupycebmsyazoyjqemxrnujojrhedzgdrkkccclrejjtwhoixlfxevqnrldoxnfajqbrj,22,37
voaytyaiknvcvvkdjbigsjgwtiwunrnt,33,75
lbewuzdybemgkaflfqejhqrhsmcafocqgxmbivaddvjdbbsfwvlehapklnqmurbjb,16,62
sebdnwwsrfvxwzvbwvmbuyvbxxpfwngzgeltmowwlekknbxvddrmcbauhribrohusgcokca,22,43
lxbbmspyozbflzzmcznlannlveywmxchtgumgqkbnbytvbytqrurojmmrkgkqoiaebqydye,24,60
hyhoorjwfvwhlaqpltufqsvrtshcehtsbjbzkwiuorjejwolpwfnqxekkwiadxnbdmcvwvvzfwzdpzqoajzdvfmgzctjd,19,51
gzjginjqigngyzpqjwmwajvwrlzribxbwedcmisycbzbzmnztx,22,10
xmqriphoqffimukhhonstobzalicbztvgspjbkxlixmuhux,25,49
rympwivzhsnenuzalurdztsudtwjwoufpundgxcvlixnnvmwaykrcsy,22,48
xcravjsyrxtlgigbfobjbvmkowesvxdyptqjusa,25,71
eavflbemqreirlvqkaxooxqdrqogupiuforltdukbwuwntdyfqzsatmpigvfnydhpzcxgjetguaenblpjdzbxefv,23,19
gslipyaqffodswcnpilxezshfkxskcxvjogwoqsrobhizwfsvxymktgipnjrbzfyiatpqkuzhvdouqpookvsgzgqiw,19,88
xnmzpadhjrvcypvikkfzuhvtilvywyonseyicggmmfxkbqq,29,9
xkqtjtthjselxuhmx,33,39
msvscisagsfitogxpubyofqpwqensjpib,28,43
wdjelatywibsmiedltypmyegkjqmgolideaqtkilertbkxemchrypsitiqjntiaulvowczkkuonzldjglrrtlnj,31,41
axlvhxojgzcptstquvvrzqdlaxojrpxrucifqkfylpxcvxybmaqoaojuzohlerksbxgbvvacrtxcxmtnuemwuxycw,25,38
gowpnzwlceydulwzjvxahogateebgdghuyorchcdzvvzlmslvyadnxbxakguwrxeabfcayhbjysstavfgnlaxiictmpmsvrafp,26,86
ivvburqtzadpnmrpbavcebqfazbrhhlleawlmgpysjahlcqodfcpjyciwwfaghtpfoea,32,64
fcfrcesfgdxdemybwbybmrtywbpsfob,30,89
onbsbmxmypxyvntypsrldhydoz,33,80
nazqjcbowlghdkyfqotpx,27,89
thcdkidrwoihqexyipzwdvesueqndluopaylzefvqubkrob,24,29
ffuyxsvugiousdumesfr,23,31
keqmbrrxmptpjbiyaiegwesofoyyvbktdoboabbblidtdkgulvhdegwgkjzlmloateyawrgxpzfyejqjhtinhxiiqmeabcgeb,24,30
ujixhafsmxq,26,74
bwmsddjgeutaywfcpdibemhdkzpiwoednhvhjnclkgukfzsvyrosxoqlkohdhgslcsqbohpsatuynhnvry,27,86
kkdrsnpmdbfvcvqhxkwfnmkg,19,50
whlkitxfhpmshmeyhentozwykrqvqzfynsptoxscumobaamoazsnxkeicycxv,23,62
pfpugqidclwdbxxlpquoszgxqrqtuzbeyzgjuptdhjkyttljruecwdeqfccxtyrwjjbqcihjtgfaanh,25,76
twfldvpujohkpversibquxsndxvva,38,65
rrzbrjglvdjgfzoheyumcmvxuniwyylheydwcvqtgcvpluauwsbzlklzwjl,31,76
nibpfbzeymsqacskfgdofeebcsajjzzofajjgncvmywgsnlmlbehdljdvxujydmndfohdccxcbmtmqrkojiftlqrmhlsd,34,13
lulnrwzjyuogmxbnelc,26,73
ewizyrwmkmjyftyjrphrzmrbw,39,59
yukpolrzoxnjlstlmxdqucuinqdbnitijdwiyuu,25,20
bivdjgpotuopmonakpesvwgjlejmixqpldxuqjectlkpjeb,20,67
usdnoljkdfxwy,30,55
htpxpbirpdqujpedcrrkqjoopmzlwwkldqpksejyudlpjvjprzixicsy,24,25
mprmrogezadnngvuuariszmiwcdhpidygusjgnyqiwtkxazgmekdjqosmewhhwjx,28,23
zvqipxbqkzgvndxiagbnvkloazuyydocauqqhufpugmlfgknllmzwllhvtttstxvxdwlgfgkprdkuzrzlgjtscpmvctbmmpbo,31,41
kqmywbagvsrbnlqdqdnguvavbafxygsd,24,89
ooiwcytbnldhqukkcyshnsluwtzbsrovmselwonscfqygqvlepbrsdoskbuhcgyxdhtouyqc,23,91
mkjlyrinvordgvalgaxjdwaxwljiceljmzcmpubcrdiklquxggdz,30,97
isiuuaurwwlnaubxiwmnuinwzlknocjkaoktlqsftpgccnhypfotwqklqnafbszmcqoyjqaewutpddpmlfhpcexnogewmbnbts,20,51
kaptrtwepxdvnlczbvaohdqqpmdfxldyzbnponmlynqucehvayngrpxiawaokxdk,27,81
ddhdjzzyljnplmkuilnektmrakvzsmzvvnbpxnwokuapargyvcylfwwmmtairzmvdnx,23,5
xjzbieepibmjbwljfecyushntnbw,19,44
lthmqrgoxttsgbktgkyqjxwqbpj,29,37
ayyihkqlbihgxr,26,17
vsikmgyjlrdppvjdmafvuwnzrzfuivfyaijzheesueubu,20,2
laeulqlpeyktajdfkcmoytszdzrihzbemrxrlfdqrzsuhxghuexzxoocmleshkrarddvtato,27,48
aimnaqxjoyvfqakkkroifdbabnovkkkspcyopiurdhjrkcqnftmqwpudzwhubgdhxobzo,21,87
xtunozeolqumwqzjnbvo,27,23
whemdmvvhsmpylapyxigqcmmnmswxrdlcwppvrviti,16,21
zhwmcdaunwjvllkgljuvcrapuurmmqeectsajyuqujbvu,31,65
gfzykkedtbgcclkbdfnmdctuwsumnbwwjzeawnnupkhwmphenokriiuojymrqdbxk,26,27
wflgjnydcgszetdjdborwwoif,25,43
uzpelvznvsbgaiuprudzmzwigjulpprumzaavobnaaxnmnatncnejvgxjpdltiobozilanofrarzsonf,35,67
kybypbojxknlawnzakpmuvbp,28,67
adtfhtarmezfqkmlfbmyklwigvqotkzyznclwisvggkwtdvmoknxmxmrtfleemfsvxg,27,79
mosbqzzhgjvshrfjyfcgcyfddpzhzuklae,28,78
nasjmfmnawhvpvqpn,33,98
xyxlcaugomlckbeasjbcdsdrojbkhdwhrzotfirvynnbvjkjppddpwkecrswozrhqmznyrxebxgusgfnt,20,95
qgzchqkttamjysvyepcwairwlcipymzklaqnfa,24,29
dgalxcekuusujjznfqjsplnhznxcokgfqjdjsqucmorpdrtzgtfjtjripsavc,287,98
chqpkvebfyawcevffasupprcnkiqrqlibmmuyybgwhgcnhhwvjgbgnbklostknoczz,141,97
bxpbjhrpilgpkkjzkhqxgcsanpbqxvpcldlpymesckixculuqbqsuabbhqokervk,144,54
itmphxjpjwhdptenaausprtczzamgnknnomn,123,55
iychlvzhhfbcrkblhhpkcdfklygxwf,104,92
uzwprrtebljeacctgpktqkeozhijcpzgjwmnyppyigjkrdnhrccdqmdfydxhcjytkxvrzffukqvcdnw,83,27
wsdsqbraxnggnxeewjvqersaxualszrtxbpbbiwrtozmbzkryychxhb,68,66
jgzyyfayoanibuthywwchzbkcxcpfdirjmbvnpzgskfdavkbzhkeowmuphegaigtk,89,44
qeiyckypvaoebdsiudjseeptsppkanggabjyqcxkingecoggqiugjopedpkwmrwsfilfahvmkqcoalsefniiqiyurnqdmyjkwhx,79,77
fcmqsamytwspkmobyvqorcyxdiswdtgrllfhasrlwdfifagulrhyumlwjdz,77,63
ipjtfjuepbwdenvaviiyegnuzrwalhthxsqvunmkfrlwgnxuqnhrtfqadoqmdbncsjndafuhnmujhttvkogxnxynoxkxluaob,67,56
lauwczivjg,52,42
ijukpkcyczgtmwrtlklbtwgklyzmjp,59,25
tepjsnyrjoxotfyguqhtwmaezoyawjurmtcubafcjvdyclqelvlsixwraxgddwrojzcsw,48,1
eoewdtssfitjlrqwlaslusfnypooeybsppnntfyvwsjuefxrsenyypajefnzeikdulwyfmonvipfyradqgkmifmimidcbbtqp,53,47
gmzwojvyalkaymxorbdrlwoxcutgqcjpzkuuzummeaio,47,46
ellnasuzjojelbsjtexfkdnwkadsczjgiqutdfhxrnzcpgyogqmtfypniakryjerkzixiotpkcixmcmdltqhfvfscnjrxdlaoptg,53,27
owibyfrdqypobiybvygcvtrgwzlgvivcpvvcjnoaelsehfbxzmyzjfaecdexmkxpadpyxrtsselizwsfa,40,88
duovqduurnkdcllsthskb,52,17
pubgiqursfdfpvcrdmsddekelzmaycotadecdwandyixpbjhqpwsxjylicmvwhwmyrlllvsrj,44,72
gsyzjsqrubqrbqgbcaqnotslcavm,47,91
zjubabvfprqlcjhdtzusfqrwxtuycjulnpdxwxgxglchwbfvhpxaopnfpguasn,55,60
cpsyrnsonbuvlkibhrqvpshyttrwdocuqfpeqqsobrsarqeeyfxkefoefe,40,44
llgiamxiuklsdvwnyzczjrsvdadwgwowhvscvrmcvprlgolofdrinuvwwmtnnyjmtkokyssvbkwnihcixhqdameioe,40,23
dldsmgqrpmssdpzapylazbfadxrbpqoewoaxqgxkkigkgcpgjaatjylqgnilgoqh,41,75
lsozknwhapdrgbummkcgledtlhgecsclsarultmhulawmxweaavfzgbaaywebyyogzclscwpqqrynjdwvc,39,7
yeisjtszfivykrtlahhddoefwjsrhyycqzlbxenaldgila,40,53
aauidhzhhjibzmlj,48,81
trmjpndaqmyvdnnoqiulprweiwnmosyttlaicglstcvsiecgnhkwyezzgppooeyhjvliqsvdntgqj,41,1
cilibdftdkhtqnlblajfjmmqixvwvwejqlkjmqikcnmnpqvlfhthunxhuwjxfhxzrcndgmtezbpdrczcsqqxgbu,36,51
kewcdzellcvpifddrhqpxayyhshddzevznbzo,30,3
ccilraekpmhgzfuyceylfdxeblkpvdevmdjfbcekoeowpckwivasgagwyfkgtqxzqxiyoubwqgprtimsb,48,35
kvjuxpbmbgngtaeamhrkfdjsozrvkigivpmsvnhutpxxgwnfdarpblnbrgxprxragmkswvxibftzvtkawxgttovusiqtdfdkbucs,35,37
nrfqnajugjytphqonyjyiafkuqugjdjmgavja,43,99
udzfwdqpqflgiesuoiuxzzgtdyjbvkwhpyrunviiylqkpmkglvejhrxppyuodjdhzgmghqlzcaflblymin,43,36
yhoczydaizzcfeorvymewzm,35,89
vdsekjwiydqxfdrnbjzakvkddwivssplxdzdfletebngevzcwxnxozyizawdmlkmuxwmopkphvaorvbcnvbcssyusfubkn,44,95
pvmehpmnasdlqxtzwaleknrxa,44,9
klvyyjoiebvagikgeknfnlibybwvqkaksphosyitbvwkvaxgcvrxfoqfeozpqasuyqpltemjanigjhdocstatqzjapcskhgk,42,36
reemcykepiyajttvov,45,57
wvxykvlvsuozwtorqadkuzhgyhoapebfyqsitjzxhummpxehrvyxynyxuvficxesjiswummodnhayhpmjjlvxmtckmohzfum,52,37
kwllsjmjdcvznbjezazyphkfnytdmz,36,86
utyyshetrmueocmiilcbslxkhooiaonffsqnzudbgnipqdfzaemjtlklcykyveifgylfukwdiucudvhykdndoswnct,39,68
crbluxwljdvijsskukbgkrnqevhqxfmgfdhnopyjximcvqmlsmixkqylfbrtsxejkiclwdxemhuxbnpgbxvurewe,23,94
ejrselhsuicwugqafkuvhckthqgtqlnsbvdbkumzcfimkyrchpsxswezcceuiedcrbosnawglshmittmugtxfdjgk,17,84
ueuvnyzhakyqgwvdievqkonzphiradwyqn,25,23
esuzvkaqzygtsnhvxnnfbrmgjdhxcmiruazzrijmidvc,34,51
dikcsejbwtcwrfjwyxypwbsldaxnahaaysjnvhoj,27,56
egtllirheeiqivxlauikgqvwhncmjpvucmltjwfhrowegpdgxxohdwxyawpnwkwujqzfpjlwx,19,38
gvwafluhtmimabhmcxpaahknqraqqalidgayiijvkssahnllzwqexrrvcnqwnnbtlqrqwernriykhvjpgzbzw,21,58
payvsmfemgljzlbuzgfoyblosfapuihvuyxzszwg,34,27
qqwfcqoxryhbptxzoksbzwghmpkbmmt,21,28
pgpviiurccoiwqbjotpwyvlipgootjbcmkemonwtz,24,65
nrkeulfdvwotiywqyftgmvqhuvfhdwewtxhytylrnedmnjnggveihngzpsocmnyguvnhhrpmh,27,25
kngfqfvyjxdrjemcwwarzzgeirvlmakfqcfmnflujbmdhdaxsiriwpupiybseqot,22,11
tvialxgyjddsdmelsdwahzknatrmgwsybpxlzegmexqssghrhogbcnzmiddrcnkcgnjppzzhroqqzqrcohmuldtkujxigxtqwm,26,69
vqynzzxjkckshwypmwxuwiqlzxxsyqhytljrvilieeqcvzjkyilkwsihorbyyxhunebvicehzaaneaafjufp,27,49
izfyubioptcpublamxkakwkttgeboabwuzcjjwhvptoakevwfpriqantegruvvjiqaw,18,5
dvnblructdkgjdzxastfzxwfdxivluipsufknchuc,21,65
fhdoejbkqjrizjkjcpjujrszxxrxbeazpitidmwqhynrplbjfdktmtbnzfttdbfmmqfxwktqsoanhyiwllwfnmhzbmh,35,57
mbfyfeiegrnqwgmyfcmkuwdbrjvwlpxcjtylgmx,28,29
sfzjymerencovdjpkrgyczsusjoqlcqeabyzygriihnkqyxtvdjeegydzzufrhi,27,80
ecoijjvqpeclguocwynpqozopittulwztkkpepyakwb,34,19
omamfmlqkkunwqqyd,21,27
nbykgpugdfksydvffqtuiuotyzikdginpililyowxnvttbhypuanpudnvhjagtkpjbxceabr,34,40
wpvlkfgwuvzmochehac,35,43
tpzpkpuqxaqqvzvocgmuweocstevuolxnqxlgnlfeipem,23,87
tjvpxymiflxiuotpqruzonysdoqxbsmltqfcphbhhjxktzng,26,30
usrumywqkwzlzxfeewscs,28,52
vzvyvgmmwyjhusmvphjguobsjbevnniwtpygcsvkrxqvldzkiqapysrhlmbeviylcxyklzrujkzz,29,49
fipqldcohatbtptuckrqzyhxjfxpwjvbffpddlbzdqwoalgcnjxsmcjkrczacaurvbaugpctd,23,99
cdydtdamrlimikkzfosrisqfdcmrqitmblscjfrheo,27,97
zybfqjatnoyifjmqszhslbficnyiwwqoqauhfmtoijmwwsauhcythoqroboydrelvffrydeaeblatbjnhp,32,84
xycfbfrjgmcqrwgwjyjtfszjvxvhlpcfkwgpzerujnmevbqerekxpnbzcxovxzkgdskeizlwo,29,27
tvazpnpattusnneoyxewfqkcnrtnvrdcrpoiywynozvw,35,38
bnoegriskkwtuvnoascxsvwppnfyrxgymncjihdswbwsrkixfctlhvfxmyr,21,50
bkomdndgecljmomeqqvdrskhdixmywiyuwcqjmhr,36,79
gsmnvlrcqkisgcmhbapggmfdcqrxgtnhvtspqzvujphtiaoshtqowmk,35,70
dexvkquhwxrovoepuyzaakzobfkmbrqeexedatoezjrpurjajibyawczesrphangnnxqfamiejozimittnjedcsdwheqpf,32,63
ilrhhxvzjqpycfdrvfkpdwrcakytskzwxqoiaujwyrhyfbkvpn,28,44
npgtqnhlcfmousokwoltnemezlipdlybqkqdeibwxbisddpsaedraighojwbqj,19,26
zmefyupedrpklqyonsbaowwdmkndhbrfiujtzhejpqx,28,12
gbuofposfocozgkhrladgrgsixwhijffvntbjcbhxfm,24,38
gkavrrbzblbladxxpup,33,57
ibkpdpynvxlobidegmgwxuzexsqilbijvgt,24,68
ptpksrtvesvd,31,51
nkaixorsmucbthveyylrzkzumjqfcfrjedecltvrzkdtjquvooxrdvriqzufcubuaboqkblzbgvmlaeshywnevlwomiqphuogqnf,21,63
ufwexznrtyxyrwfaropiglelkhavvoznrcyxlwrbycctdurnibfcsharbncnzu,33,98
zybxmediidjckedzunyvqbmixeshmfbsxxbumpmfthsdmsfkyczuuwbxyjepygfj,29,23
ydliydealkucbcexeferejrbitljxwpsftudbts,13,58
bzcgsxaqcprwghsxwfdwczynlimjuvtlzgwjgmqaboqyzmfngemivbwyknpxjgsfmt,26,17
cmhrxndxefmmmpldfwgdldyoabiav,21,24
pjwizablozhnadhpezdftmybszbdmjcplnetebfigaind,22,84
jpmduhmweppjsglrsnxcmakbemkrzahbk,21,43
icgjfhyhedmrttbvpbvfbpkvzleshzvzzzgfmiztaushuthfviqtywqxyjhqzminzqqwndiwplkfrcvilussm,19,68
efoiqqbvwclhteydezwckzsyhxhtqyddqucelivwlwowxnsnfddiexbqhaasgglnvgdldeeirpruqoqrodxtsllnqxmfudolas,18,22
rbfxrphngjtyiikudramhwuarlkwywluxujyopupjhxhkynleekvwqyzpmkupagghlalcodwjw,24,87
qdrlynzkpavcviigkdivzififqu,19,45
ppkqyelrhwgsbv,24,27
garwwwfzblwwwoptondfuoyvpkmtdvnqqoirdstocqkrfeot,27,14
jucvtzjwrsxdiqdwnbajatekffhlfkittsxyjclcuktrwgsigqwluhemyxwuzmvzalhnecnuqdndenvbxzjlvfbnnrk,28,55
ardajoccqrnqwuygjydyigxobjedioklkfkuhqlqoqjmksxmu,23,39
yhyupeaudyuynubyktqwehqxuyj,21,58
losthqnbkulyiexlflfbxddeiulpwjqsvqevshfvdkkod,18,86
ykfjlkoftvmpnsznmrzzlmicktktlhutcbgafkufdglfkpeyagpvobdaejfxitcxolshgbtpngsnkttoyyxfrdzkklrz,29,69
plyppyvmwbnr,35,38
drpoiqjpsgymwdiizh,29,86
nesnmlwwgyipqcbyfenzsztecqiqgdcdsksqaqzafwexzjmrcdawdwvgcfhlgikghtvgkceljdporubzeso,24,83
djneltparobavmfmvshnbjgemddhffjejnmypfacrjlatosppwmdmimbmzxsyle,32,22
ytqzwzrtonhphydizzmcswyrdjfpopvlczhisfjcipjqgmh,28,73
xsplbqcsdqprohpykqvhdyxwebyttsrjqnnxruxomubtfoffsiedtggadwjzjyueqqzwlgzjexthxakgywugjfgxvgdpmtp,30,74
wuapqjhsqlbifyzmymdvibtsyhacbbmqrkntilqpcjmcuzpqgiirfodenwtliuzwccq,30,89
rvlwvumujsgvnfocnvpaaowlxfvltgfiifskxjbb,21,40
tsvpfmwwbq,21,4
ctpnlmxyjqaplqwncyznkhwdbx,22,15
wcohaeucgssmsquwslzexxacsoikoynhabucmnmifgkllhoyxyxfpkkmulhx,24,78
lotpjmrghlkktwhdyspmfbirczizbwinnbmqdascgagthxqorhoggcajmlhdcqhuilniotheoasjqvvckjmrdsuksfoikdty,30,53
mrqzkvafmgjskoxpcymcavtgwbselyknqxctvvlnlbmkwrmsxvhmeahcbitgcacejzbdxxmcadkgdepudujlvqkb,22,65
qzsnzcigpmotfxbtzrcwtxdolnwmpnsocmnmvhuolipshhrbdsjpwnayvlzyzcqwhvthlnnlqjfwsldww,17,66
vespdztucjeosdbmprffjrbvyyyjivwlaanitzwcrgpmqtxusigyiaffbbhcuxxf,23,72
xjhmjsuqolfklbvxngyinvezezzpnpudcsrdaggcqtjkvythibgjnrlmwtijvixsxwpbrbfts,251,80
seozvzwkcfgnfuzfdueccfguavodnxo,165,66
fdgvmwbrjlmvuoquyblfkvyzraemutrewunyqmfyvcahx,132,88
hxilvmwkazrvjqtndvlziqhyzhorryycvrblpmdtmlccsnvrktoyfaiu,99,14
gqghyyardomubrfsvhwxcsmnlnyhtbaozi,108,29
zbqmvcuwgwtbynfglageenwqklfimolvtpuxgnibmgpfrkkjyqaffptoacjhhkiijnusaknyounbopavarsvwjbueiwpjlumelr,89,38
tktwwwkukgdtlfltbrhgfwoilgfoysvrnrykoahowsifaskiqedusjlypqyvukgvomahhafsjmxzmtsmlzadndzacyyv,59,83
jhsddobuctksnpinkf,88,96
tcvhndmcoslftvswhjolissexnibusrgqcfn,67,55
jxgpkxbhomwgxrjpqdn,62,88
hqphaefgnaldqjcgwsqgenvzlccnlfgqqslzgzcactk,49,49
haodlgdzlqdvknzzxrnrkhuvszpvyjwanqzfezsgtjzleuossyohvexzzqftstifacwmrewutflvytxdfrvovvezmxvxlianjg,64,97
rrpxypelcmbxef,65,85
vhegulkgplgjbtyhltewbj,56,8
qgtocakklmmyuwkefpfrlrkjdhvtftlwfpdwdbahzcgdwtplvofcuptqpwlxkqdr,48,2
lkpkylmtaluyxnxshrhjwoosjffjagujgwipjnpuuwcw,37,59
pujcczisycqikjhxrpaiwmogrpznwbceynrgoar,48,43
ocbmbjmncjgfrjsxjkmdveidysgiqeechwmolbojbobqruavioofncbytpdtdfeyseullupffrvxrrtvbouzbmwfvulb,50,1
afagtsimbfynqvisfssdfvoqbslmpkryjopffwsmvjwpxgugeoqntjtsdvipvmakz,53,82
bzomrnivqkwyski,41,73
ikxbdshlxrxcdkyrsakdiuynicnuhlmoxcoalkajfvauwshaqpyqokasdoaivhak,38,98
mlbdidhmxdmpghaktygpfyolqeieggnfilbsqxbxycrpwubqfrikrvgaoexkdknbmtkcilxotyskkqgvfwsgsfuaht,59,30
kjbmjeqflragppviyzvkidmsypkzqorxsdouueytokveoujsdynvb,40,1
rthvxmtlugamgij,37,89
inpozrhjszsiikenzcyalvzpgu,33,63
qurvwnwgtmepddycuvd,32,42
sppmejlvllmiepddyzckialbevyyyrjrklrbydbmdspejtlftkumgxfpvjedgrgxradairjddqpxodc,33,88
pjxygmzazniskasvyjrojxqeitlcltcnfzfatiwaaetfveouwyjozwzvqoagzeherenqegj,41,89
zmrpjdzcfcvynqriidlokugdojqqmcwcyntawmmldlaiyqsryxbl,34,31
jzhejiotxplwcydmznvkuvbsrlswrxcoiedrcsbaewblkuzwrmxzwcqdpinbatiavfxxvjmnaoyywbbrfawiyoih,42,15
ngrsqvfsnnubqedjjhfoctuoufsst,47,25
pwtmyqwiyvdahi,39,46
fexlcxpigjvxyihgsxdrqsvuzgegjbpwearvrbqqgiiohoiuwdhllhnishihnloqbljgmmrbhvttwehjlikqtx,38,44
ifpggwiwmellovxbdshvuzuhbggwqwujvovgotbcgrzrgmcydrtqjygrfjj,34,64
zugadwpogrzrdijvfrrajsfsvpkzshgejlpjutaldyexsidngryeuhrkekmzmdnonxnpqikru,29,91
utdwrgcunkunekhnvrjilfyuuodqfqnrlvdyfdzcnr,36,66
qblphnktzcggynqtqitdftdqoaprwpihsatrzfneummocvdcbzrmlyxgmwld,41,35
rhuqrfjgenghyjvkswalukgdsxdbynwttfmkrlwqhg,25,40
towgqtqsryhsgylkbgwygpifjuupkumofdqbxtvumcpryci,39,97
pkyxrgpehtmlj,42,24
qfpmnwlctzppnjvvzgzbelaggukecjvievtqcaydyagilmqagqhquuvcqaffkrrtpstxdilbxhayxjgyjqujdnictvzag,37,18
kxourznhhvzjcu,41,87
osqtptreqcoytafxpcichaqj,33,58
wyrjdiskjzqigxvxaynmkcyhqewhmuinxv,26,91
cpkjyhsmuusjbvvndq,29,86
neczyinbwvgkndvvxclptfxvdxpykdwyinrdhkwrodipkjlequyamcqvtqpsphmhkietemauomm,21,77
tkmcolwenyqegxspnqcctfcfrgoozeoaatazxvvxgxkwiqfcgwdppwoxdnijwzeofip,37,62
ejiwfdscwhtckcqric,31,46
edfjbkdofthergsxfcunkkzsixfsozjnpsenrwmibyofjubbrxntzuvijelhbiyunlzkpynvsvejojcpyyilcaddibwwb,38,47
teimvdgdbklpkva,25,55
hfculndbvilmlnylxifhfzkkfxojzygqlpkdkavioulisrikbpezkjwvfkjamkzhrgcgferhthl,20,79
jhqyzpooamrfdxxglyajyefjnhpmzhzlhxvfixgibqxwjliflhxvipyscetb,26,40
tolyyvkgxifwlxqueajjvjuietztxvmlll,25,22
xbcjwmgjiyozdstkuealycopzieiqdzcxpsiuyhjrujislaywseletjpqxwgdihwhwpmtaajkjdceheqy,25,99
dlzsrmwciwsadqctziixegfhgeprgitrgyteasdqtrmyvgnxaliwdwoqprmo,35,38
irdxjksczmhdkfaubldoymnpsuhzjxulmzskfgtuvtfitwdfulazoobwwqbahgiiywhjoke,30,92
gibiszcexbemcyycznzwinewvogihhfzajyilxkpziuybyewwgudtqblmqsnrrltcrhbnyzk,14,25
oxbjhbytfbykujmzzynccaerkipiedvnlnascwvmknojdqrleoaludvly,26,58
gvrvgobyjnttufktfsmmculrhhwtqhxojbdvdqgonvao,16,91
zypwtxkbknqpcqlzjlxmefigbkuthkgcd,29,91
nyeingfdontlyflupmnochhabnfhzdqgblcmiwrttvokodsxvlxnhzlp,26,5
ldxlookswsgrgakznimlwuwkolqysnhqinjksgpbylqseogxhpuxoshwbmgopsklvranyqbujofcahhpfkbtfynwvznthwcqcet,24,91
vnimmsukvzuzwkeuytogebyipmkvmynggrza,28,28
oprwywholoowommcvzkbemdjfyzafissllmknqmlzgbyupaw,18,2
lopvatoiwztsm,22,18
vbkwwcemtrenzxarytcevigppaglpyrjgorq,30,4
oyeyymeoovziujwnvbkucx,19,54
mjyammwdvvvvtpfvizfm,24,23
nfbjifaioxnakytvuwyzvkqrbehyurb,21,15
uhaitphkoepksbggieaokjyvjilbwxgmaokgiiidhvkbuavvcunoq,23,15
xvonqfvhppnykno,27,80
jkydrfjckkodkgdudvcruniepiqvahahxxncwuzswcruigeawdrcupauwimxwydwoqpahwqwlkeebumxyfsmoe,44,43
mpxzuytmewaeqixutlkwvgtwrhstefjmztpkinkjbsjvjhhdguuwzaczeuelowneoqehdlhftgewlggelrwbrjtbpxszw,33,85
ckwgrhcjxhgfyanuwiemadkpknptbhsnjofgesnqtobuoxwllbewkeksalo,26,38
libkfuolqbswbznsbxbssxbmwspyujppxq,28,21
cucmycfdddyuibopuluyizlwccjxjcnbotesbhsruxekrnsxettwbfcccpnugmfbzkbrgwdaysink,16,28
kbyzdeadkfkxijjdydjomompjkfdfmppotfmthakdgzyuswfwthatyqzlure,21,16
kwspclnpaxmrfzjqwwb,25,56
fkpflcpgtmbetixagxicmexgjrheirfubqlgvwwnmldjaqmyllh,20,53
rousxxeftodldbig,30,6
bccnrymjfklperugtjdzavxryoxirr,34,74
hpoltmlmrjdzecmmuovapykzbdsjjivcecufmuebutduwcngvlpvolafvho,23,70
ltbuitmzogliixhfcbdyoimzwpjpnnxpqxclwfatlnyxwllhhssrevhdsrtoptdf,30,76
nghojnwggjopiyelujgessgjowtylxqvubbwbhztomhjzdwcbvacwvmhvjsocojvbrasdhxajs,37,92
pmqpxabovpygvvlzcrtysaurs,18,71
fjdvbbwajbngyxyxyrfbfxpkoelxhvrcebmminyhppdizkzqwzghsododdlvjsvkljyphhbmyyjzqjkyxcduzusgdi,24,87
ibupkwerktlrmmpyarcmdloaazloqtsldgavil,16,68
gitfesicsxuuzsvbxxwdqhkrejjhfcjthpedehozgjjwiytl,20,4
yrqrzfobmlwjysvoaaegtfijri,28,39
lnqpqdmjvemypvefpchvyhbrzmujrxvqzgdzsczck,32,27
pyypdzvshwehagjafnzukpdaeraaibwrzyzalqxfpuumdbowetucizpvaqqdqndddhahixvjkzdediitdmacbgimv,24,50
bwgrivstroyjaksumihghobyrnkbrrlflmgegsbtymjhmyoywgmpjjfjopmrrjzlxhwgikb,31,5
uhnykdwwwewacvscvvjhyzbzrcbbxbrjsfjeucaygbvcqantuonquciajoyemlmmuqeefktziglakoytonblzlicggfgru,34,74
swbpsmlruzykeedtayyrbmftqxpvqfrcxtfqzcxdhdvdtzrjbenodgssivhtqbrfsczumxkpbbuwntmojefcjclzobbsabrnej,20,4
ijuzqegtjgetqwidvotdzjumdiccxihhctkofm,30,20
evdgcnckpilhgdvulufvxuxlzvhqwrxbbfitqgjs,24,60
xbvdhkytlfsnfhttkhjohrlmsyzthoguqrfvkdchdkvgbldpqpldtrmreoyjqtdnziuegsfhlfas,21,88
zkjvkmkfxszcfcpqsqvdinrbpnojbd,24,61
gzyufkffydyqjakkovvbkwyzrpuduugapmobtjfkxkh,34,17
bvokvusjrjlnmpnnxknzskefenu,17,92
gzxgwlhdxfakigxlduqujym,29,31
kirtwwxpxethskdnftjroflgviklqingdwdjfsxlzwnx,34,94
fnxurbybgloqredqigzxmeohsgsotsgktytkxhpsaebdgqxouqn,19,55
zuifqqkviuvpfu,28,38
ombmrkpiarhuhlloiajbtrfpsxiwoljtetxtigijclgtdhlomtlortpnhkvfjbjrqpaq,22,50
owfzczbxfqnkpkvyisihxtqcmk,27,59
vwsqrbontzspgavubavglwxw,22,6
ulompvdvvlxdvkvpfyovlsnioxdmwlldtoivfcqsdiwaqezusylxyimwwtlsyxkzezdqupixkgpgfxqsctzsscgbsjvoyevwhg,30,19
xugikcvscpmugnefaqptnochndscujgagxewylpnej,20,56
tkdkabmlnnnjhfidfhqqpksdjfkndnoaozdhfnrsmkycasadxmdxazxjhyzjhlyhiftwygkbtpfzjxvcgsa,27,88
ogzhwqqonsvlaoeijtklyixsbkkaqcvswodmaurxtwjvougrudjzygbsbpljbgiosznlsd,23,38
kvsduennklksugupxtyydfmpxpnarbdagmnojyrugqjozlaswhupuxuhdsoczloeiltfxjflwjdxfuq,25,69
swkedlolsuxahtxkqmsbzznjpuwkivheombujozlzydjz,22,41
mumiokyvlbyuiagbhlyviywlrmihyylwm,28,25
avkyydcxrxcyyjdhykyqympzixwkxbrdijgeeeogpywcildzujkzginkhyskypatumxqpsic,23,99
bzuomsfsjdsgkwljfrmvvuqlfgymeijhoxrroryoweggadordycjfqavwxolcwbtysgmdwofqwtfdrjiastpjkkcelsddkidp,26,45
igcvclhukiftoaczfxoqqbowecewfwxycnoquqfzdyorvdcgdvrlnfjpxvoswdksvrjsxkmdjb,29,96
nbxmvpviuadznmnmjtgpstsqwrugzzkrksaglsmmxqefwhuvurgaejdkltxpfshcnnvbscltlivrntrvijlrtrmmwgfmuwm,28,44
eiavwxfipxyseselqxevoqtoufoqsapaqjupwgbmijhxfqskofyfwzsoqljto,30,42
lecetrlgmmzppvxzupvrmqmvagtqxvfbuajmactctoojqdumkpnptuutqehkubarhctynoxfauepolcejxuluzn,27,91
cuithkyytiwidhgbobbjsogrnfkvxvyeytmgumqlmorafzioxjevadombpkhza,225,92
czwbdyadiwyheohhwavwceoiybycdgowjwcmxpufmgzmqhqnqajxlwsjodmkbxwvnixlrnvqzhq,155,8
urkmlwkhrnqcctjrnxjekebostnuendvrzzdpcewnbsgzqz,140,56
tggikcuwjjzvibggitsbbtezkcxycrlsthgpuzclilrfsgzxyqbfluszkthixushgambeiyfudrwogsvmunkxrghwerwsujbsdc,103,8
ncbmhzsswcqjfxlbdllwjcbisuwyqfdgbsvdgxcbloiwgmvtwucjwuohrcgsu,107,16
sjosgyanscncvlhedgwtuouwmihwnqxwgudwzelrjwnpllkdiipzn,88,96
bhzpxyhwayknmnqmdoxqzbiemelfingfekjco,83,61
ntwwwjsxcrieezqfrcdvliuzhhceghghlwhdxfpnnggunezkiqfylefwfltfkzzsekigvlcybdldqsksjdbaapvdnhccjzkf,69,54
cotgaoikqwrmdvdacdwpzyhkrxlvosllgdmhrdeyxzqrmznvyswhwlwpdxdovtmpxooupmyfmilinhmcivynzmpmmd,71,39
uhavjdppbeluxbmtvvtrlkivozbicjoeonvlj,68,16
ehqvpglnuphqrzatnmbwhvkppgbperroygrxhraoyshpnigzixneiyagxfkvfrewoddzxwcbfx,52,16
vpdmxpyuohrjgybeyvoblfwhxotwibyzoaiasbsjnhnomrhwrrnziqqwwckfuqujsvhve,55,63
bpyletjakycvtmcnhjgbqkwxyvwwvazxbucqdppabkfyncgfqgblgshoxciaiwfzgau,68,90
xspqlghpzuyzevxle,56,51
mshyqcpqqkyun,56,77
lcmxtyzncdrrqnwwbfpfzpbpgvwcajlgvikmwowkgrahtjdsggsxkrvrqhoyujynopyluemjxgzbmnvhhnwoxxasefbsvhpitre,49,19
dwkevbgwnjafqcxpulcpbyvpmlhegyocndkmnnbnueruthyl,48,25
sehpqemzpqmmaikoqpyhvgujjeodlshopmmapjqubqf,53,62
iqxezvsoolspcuteafnbmdhaftvcieszamkmgrggvldahoiwndlsvpwvaigujufmhmdhyxeedlobzfzdcsa,62,7
wnmdfvgqxionggfiyatzcezzmvulvpmydeuvpehzoqtakcejiocqkeyyoiuvxzbgcauqjqwolkedgdowudy,41,85
hylxcpwjzyqquiptbryzakehthg,36,31
arneiaykbaccztmcyqnzestpfmhkkzvsiycipq,49,83
bsgzzmfwtzhnwhlkqwdkbudiadmvhrpstpzawzdpnrhhomnizwmkbbuxwxdoxdqmwpwc,37,84
xkvlievixslxhwqgfopepwoiebnuyrdcdrrkyinpycgpwuibnkongnewndwmbypiunsugrwyaqbbybmrkmavtbgpwmjytbjfxxtr,40,26
qtirbatbzkwtbckiajkrvodlbtewkkduinhhyhwpakjytceldjqtsxbgvamrrbimwlu,37,99
akypwmcwxv,40,16
vztthiwmvgyrujz,33,68
bhkvdnhwmuwjwjyxrrjqf,44,34
fesgcybayzdacxidnfuuueujgoqhnjvvjnwlefrtbgbhxijvdyxiyrcqdtabid,34,88
zyeustbhaqitoymoqdyinpnkfgejzknjpmxbdpcwiufdfkhtusxbdkoonwwftlcexdpecvbtmungticoypndcemgvyeogfjkgvuv,37,24
acmdqjhawhmumgfecxubcemsftkanoucuaktnhmmtqxiquwzimnhtrsdlsctdbfwyjbysfomxzcyimvwtdgxgwcueqaqhqgaac,44,39
pswmyionopgbmypivjwxrvonlhmfkxeujykjrkzzajwzcqorktslvwcyt,38,5
jbsczinsgigcusorhvvygukspcwdtfurymcnxtusizgvphcuqwotvgldezzbsaqefpuvwiaxlrmwagujprddagvwkmqfyw,34,74
txmsgdkosgchzizuibxmgdezfswbjirxnoajrxyefearabxybvf,42,93
zywrhncahgecesmwrzwrwlnkoihbnyeeqvomrvcpzt,43,74
xxulfsvijzfnxythwtweodnagcxavwfuiymvegfvqvwdetmljrerngjjiontbex,37,44
lpmahuvvvucexznocggbccsbfkocszhdcqcteudomobpzyurwpxntzvilwmbfwkroodsv,45,33
vvvcmvwiexttygacwxgjsssqyoemzmuixtkyaavsyfgmpjpjahtrnidzujkjwvjrvnxoix,44,89
idikkpjirofzeeyzkmregkoqvd,47,5
aguhmrrzqktjvednsalrrmoxcsemywgiltwxn,32,55
uppqvlziasgmmpmtxfmyuls,45,27
cltzcpgatgfhfmmkuzfxnoncogssu,36,82
rxbmgwmulgmrqzhpadywojbltaqvhtksxdvvluogdnzayjzgflxpkomcmscdlnfgdicjpfuxneqcnnjtidwczfcrxhnkdzu,37,5
zfdwvgtdvftajlqoncuytuhrylkiiicyd,32,77
gbmeirbhajwbijsdexbvof,22,93
tagdoknawbzkfxgjqhcrrnhrvrjkwtmfchalkpapsdewfhx,25,54
foiqoroqsgjshmrdgovbtikyztzsmimyrugcxa,23,20
rjjtwbcpnjrcocduyytxwhy,20,86
mqeadihelmlaheyrmkkzwivtoeevbevmxxrx,25,93
rttwsretdfzzmdashsacsazbvyodqdxthqzmf,26,47
dnfehxocjndwflhnsqdakrkkyyvminclkzlhh,22,40
vmhozxyhqvtzlunpqlumtkbteaxivizsmusveufsokmxshkaqkpubxuxafjidhhelnfabxbpdekqrapxro,34,2
kgqpijsfrprtjslirixwaeduynrefmrttsffnexjfxniejswetrfou,24,5
augckizztkmnqissfowfgrokxlgracvdkhdh,24,71
xsvmympywnpyxmuhwoprjdcllcbvrsftrkyqheoygmkcrwzmmmadkpfqzqiebwzvihkmd,21,64
qkuqvlksiyklicbkddmxsammbqysbjupbppliaizumpjhhfaosoublesfugloaigyzmqlnnahbnvisfvxhsbbt,18,6
ejgaoinsogukuwfxetdovsdubtaczqskpfw,29,2
zhcwfwrufzeklafmx,29,21
nlcgjlbozowxotgoptf,29,19
gchzrgbktmbxlsuqokvmhfjnksfyxcfmgqeqxlbqrubjydmoymtklwrwrjhwdhrlogjctkp,26,63
qnatfqalbkigzbakzqrwtefdntyaapp,26,74
qsbwbjeherxfrwqpczeuhkdcjroqsxrwtldzhslhpgrqivzwvuzpbpxytwdnesvrtoxkv,25,37
ehtaqntrxayzbwgqpodupugmpxelmalbvygfwnovslxoalsbksiuybwuujudgftrurdxcwgvpfpnshidpbymefquc,21,81
mxbsnisseeoruoxkanozuvjxmeltmfkprewmimetpcps,20,70
jmkvrcyrdtbhglwmlivhnsvescdymvsvtldcwfdqoglsm,27,4
rqsidxtyiufobthnqtllhsvmpytkkoacaciybjlegbilacxrkyooxbaskobmqwxlzhwbgqvusppgyklxg,31,95
vahboiraqxoajpzozsnnevhyvykmccfrxbgumdcswvvqvrpjyouytpwwbvjpn,26,90
urpulvciahfyrwv,26,84
azmhbkhlitvuqymqfzeerfxvemjuxtytllnogkvit,25,28
ctusfuhknoswziewdybfzkmjmlqkrjimchtzokjrcbybyvploxrowijkot,27,39
ztcqmpfdigbqncqxpsvsbhodhgkpct,25,80
hjpgcedpersrvplwynjujygpbyoeyzemebuj,28,76
agxdshsoyejtlvsznltwhxsommsybugfgwhpsmbdhgphywcvfaemhskffsyixlqeazvxlmyhitfhlobaok,25,88
mowckaydfrhlguatoatl,20,1
qoirkypjyjd,24,38
gqajrfphigtqbfpjyvbrubmkkekkaludddmwnabvobnknzbksdlicyqohqde,29,10
zabrmyxxfqbttuclpsyooojrofahthaopkalfudzatvlzrvryriisbdwbszfrpitndrdtovkjkaolxa,20,99
xntxlvwapkjmcnimteh,22,85
naeakmwwaryffmxlnfpsddfnlvaeawnmbx,27,97
atardodvrratseiaqbasgpjtokceqtlcyqubjkjxomgwprhbwbqecfbolbhxffqjtxpmzlqv,19,18
alcfjplmboxcigxhvuotezlh,35,25
smnshqfpqxcevrszwlnaeocuasqxksxloapyreqnr,28,59
mgvuyjbebzpaimwvaappdkdkrqlgdvsbaonnksopqwqnlyqqcaalqthifkrktrzecqowojazhhqimdsy,26,61
xdesdwervdiztqdzephjokdagqotbesxvq,35,68
pgnxahqifryksbnvnwvjjhsblhlzquhepyfmfozexiaqqrwtrmryacoexjjzgaahkodwfnznndeljpx,27,82
shpyubsriyezmwkpizaatrnsevbqysawxbeqqbnqymlvmomsutigcmctfvpv,23,80
ovwqgxmxiolbgqrxgdhyirxwhojoxwvxqghhljzejcxfctuzwwhsszwwcjpabpv,21,89
zbmeyihmvnzlkycldm,27,30
zrrfkhqyxsziposgxxkbodepwymfefovvemrzseskrnupxufzojwjiupnmqfnwlqwybrlfhklcw,30,26
inxcpnetasjthmwufiqwftchnzybggptovg,20,58
izxalrfvbwjlbgmsxumznwdxsorpsqxnoabfgythmbtc,28,21
ijzpkumkowdrdxrrupdrhpfkxywpivldyxcooqtjizpphdamwztkzav,30,8
qexfatxccmvozswzvescjxpsvpapzwbklnwgcxdttcijcdgdvcfslxxsmgwmpbklwvvbfnhjixebvlyqofuk,23,27
zfdwtcpbqb,18,7
ejexxlydyqyzmlotjndkgiprvuaksedpvlmbryaelfsjomilqnuqcglgihylqdykuyhpmimwofcibjxapcpqkwsvfsfzbaowkq,22,76
hmjvogjbyhfyfxdssprpzjnwderzpyuymjjyoyuxlhwrdosfabduzda,25,60
cfrwqrvwdpuotibvfrcgbkzprjofenjidkzptekybeaiyzjtdymvplk,24,89
kvsyouyixoqsryfdptrhfzvxtlzqtnqapzws,25,40
xkhhvwfrfdqolxgywlslcjssiitflnlhtwy,24,69
pepkxgpmypsnjepkipazugwyevlumpulkkrdofpiwqrjcbgzdsjsjkoeicbtykpjrihbiamikefwysuyku,27,88
ccynlxqpyqxpbpaqcyauiksjmewcpfwfqutbpiwsneqdcmyogayjkjiveyzwbudwljqwj,32,11
qrwxjhhgnqskuxbjzlbmnzgiaraivdwqifghvqzpkagrwcoseeseypfengysdicxzsvunryavwezysfhkxmiyinj,29,69
sngayrtbgascsiokxuglkzjrlalagxssoeojtgfqaztpkspoztywjjpgbriidzcicqooechnhuhykxardtnbjnpiix,25,30
waqqrnjfrwmsrtvmkkuhicsfuimcmdbrfzuyukzntzemerwmywlzkcwyvqvcjlbeahpfxbjqbxxfuwicvs,24,84
utixkpjtecilvefwuysetnvufuligaaespxubbnlbzsygakbhbgeuzqcncroygicvorqjaubamidpeqqmmgqjyycxtyxpirwsp,23,63
jyrzlwlhxjmtvsidlvjfnmxxyxhnhpjamthqywkjsapqacuibunuqcdufdiv,26,68
wxgnbyczeujotljfqvmzizfgtuknpzmcbqlybqvzitwa,26,11
mqmmawfbxaddnhnenwwbinuyevmqeitumgqkapxtltuuajrfmcupwosfwryrobls,28,88
aeoqxcdadhreqbarnfjxybfylkjtovkepyilgdzbarmbtihyvbasfxanhriafouhejkcrcnnyqwqswgoysmpmvzugumwzswynzzi,22,22
qvxkdswzmilpmreleb,28,68
ttdewgtrrjmszuqgaxaitzhlefucmskqfrpfxgixg,28,54
vvyqtukrdhvuuqu,32,67
ckeykxzrxydbabttkodtockq,26,48
rpdcxplebaecwykkwrsrkjpissqrfkdrceuwqnhcxhnyiktbhpzkut,29,30
hdnnlgklxfjqefkccazpwlxbvibdwlczuwsyplhbpc,31,20
jnqwtprwzfluhiztqnjqbvuyoucphsgmlubtloaxkeqtk,19,81
qtbtzqjjnvuoldkdy,32,6
jowrqnqujnwsqkggomnntwsjjnmnxfeaovpsxiycmqaynsbifvtxvazsebvaoqhxsiaqvyfvgqqvyoqlibtpxttbdaqwnmoooir,31,33
zdvxdedipnfeyigozeoxxawlgnuksnqskxdtdyzobdbemuadflfzupzlvgyppzczlvycda,28,25
lccjbceyzpihbvgyytnjgoizrnndnsprdnfhhgztuuvngivvxqaiipigrohrlwnkqkfcjsaawjazpjxnodmiyutcyamssrxb,29,88
ecfuzdmqkvqktydvisaknmovbbsltqoufihtspydkagsujqcevtguvzsmwrzttmxqxqsxgollffmtchfxoqkujigsopmya,237,74
dagtwwybivyiuxmkhbxkkpvybycyionubrxfqxjdmpsjraoadnzdhhftvklbfps,177,74
emucailxlqlqazqrupsaphhmsgqifscofkyhybngvcbxda,134,89
nzaxnvjaqxapdjnzbbvisvpmfwklhzqjgexhnqzvinldvfjlrifgapzzhmactlpyfvoyhxdnzngsrcokqhaozsb,119,68
czoqdnkqnonnkmjlzfsntboumupseoahz,85,54
csczwwuhzppmmagirffgkrqfmbptywyatsn,76,10
rxxdcfzivveqiicvhbibtagagzcijtbxeygytznbxlxeyopeqvqcnialilmmtnoijqgmlxymdqzhgoryjkluyuresnv,85,75
bgtfepelqqceryiwutvdetglxsystjvepyngbzpggxrjxjlxahundkahyjbhojjwmhspfzhmazihmlqlvafsibri,88,7
nirxfdnojzdnpmsmixzgdlypkmziuybomkvmlmn,84,17
tusmkbrqtcfxihxnuspukuswzkgtlqljdfxhkxqyrneqkqb,68,41
drdyhgkabnr,61,9
aoamzircowhjogwirncjnsxcdruftktlnfhxbwxwpglrycfbulqskfwhddmlwtvngemtepdwcdgd,61,17
cdqbezipxeqrdckcbnscbzeriybmfcdkfpdodopxrftwanflnstjujixxxppkjtopphjalljroomknulhqp,70,53
atbhmgxqoiokajrupfwibcohqyulhcccvedenuckabgxtqokxojmdnbughakzeezkjiiq,56,59
xiqhsgokuydxezhgglqowliufbogeqyyijiiniwmirrgrodnyaf,38,33
esstmookugkksfhctkephbxr,54,30
rzxwewfgbcfrkqudwffwnuxeojqycloawyqclvegvuuhbqcmqzbmliksqntgcihizjcluvqjhxsq,62,42
mqoxcmmlsbmxedrzhtktuayutwrwjcxyqktnwxp,58,75
zqaqfovcbpxcssqognxoucdwtcascuhjapbneabqkdclohlvxytaoztngwsyeaenlavlgpme,59,72
rnhdvsoyhvfxmfds,51,88
rrpcutrxevevkrupoavmbktyprmnobzwrdgwqdxvfqqaeqflrtomornvdmbx,59,38
sgkxpajwrzlfhrmqbnbnjmhbuswvayizqttntjomkfstnufnwonslfjfwskphwbkptbldtlanfqkcjitpxbxcdjefxr,54,56
uexuhkcicyfirfciqnvlmczosqlshtdwplmkfxplffakpdxrenubwicglwlcvjdiwdxpmiemnpy,40,39
ilgwvrerjhavnuq,45,92
edgigyawwrkdxapnwvuweyewgicxbbwvkslhsyligkrmmlqlefysujwekfgrltqmxynqkrvcwstlxuyhrivadqxplyrboagpgol,36,87
xvlilprffrfxizobby,50,52
tgjlutgiauwshclqbtyjgetjqbhdwuxvx,44,4
tnerxrfgtcvtxahlkqozdorsgfckjplvflcegncesclotgvsjxelqreompdhwmbeqcdprulryagtsqplqtrdnsnbln,52,42
uuwqpajauxbmcbohvaewjzo,33,22
isfxiijggamjiynmrjlgiklqciaonetojuajgjrxdsfnauvkykrdxpedosuprgjtjhqghvkjisecwajm,28,86
dxlzbbmqbygbyispgwodpplacqdewbzyeaihdcmnackvlpnmdulylrsbexapeboejpnnwxarzqvh,46,61
shldxwvstfzbnmlttotwzmvxrzudmrdijnmssdajjpgufwdbsskslgmpzfsucvvgkucphwayoxmoi,39,16
njsneahmbtnquqkjpacajwxyhxwpwddwyjtvpmblsehoozdnlhohsehwspnmqxugnsjlkdgigopjypfzwsegdy,43,79
bwwclqtuhnucpulivtgldmprqbenayhjejruhfssudkvdlxdznf,34,59
lnzhyzvyvlrzzegnljxyqgrrkxysbfcgcikaoebdnyqjevtnovueyzclcycmfixhoxtzgknozcsvmfrpyvsjvkxthdpfkqoqc,44,30
jnikmlfsvwfoplrdxuanzljvlonbux,36,21
fyypresoyxqxxgnzmlaawbnifhfahwqgxelnynrbelcywxnvddaqnhfnphahstuwjrzrbynyamzlstctdiwgkoqaxvkjdvui,39,72
vwwtpivdorwcseqcmrsvnwsrfkxlbagdcxbmswdzduskrcthiwxwqhjxoolnkwhejvwmljezibypm,41,19
hxemjbadgkgpycdjmbohaxhzlrnrvahvsnokklurokrfebwyxgjurdiizhoqczprlkercldxmggndcocrqzrral,27,64
sjcoqhalezffgajfqvmaxkpekujegkweabtaxrjphv,31,21
nznryflmyyurhylozyoezf,31,8
iuptmiexhlrimtm,35,81
nmphiiyhsfxoufswtlbshiyfdvgslszbxbxeqnydqxzggophxwj,36,94
qoundlzatgcrpfduhndbepofwizqjgzlxrqegvwzbgdyzrdegpiilupdmeyfrlmhfkpltvtrtocdsabhstylpcwlti,23,72
hsndgnijrvdzaxhtcbdmasfanerkckmcydydamdamfvsebefsgzkfdv,26,93
bkswsfiqyzaxanjnjbdkiksrlcspmtjjctqedkaoxdhtmleaepxtpmwdxdkhjzitwhtkqhupifiotnhwcyggfzhvqxfbv,26,9
kjxfldpcrqfpylvdzo,36,33
lyucblamnpmvmanzlbommmqtcnzumnxexfvfku,30,75
okknrvflsqow,27,3
juphyjzdqyzkzcbtfilzbkivcvirnmjihnouymcvxhamioisqognvdowatfdwjjfhbutuoteyjynkndp,25,44
qpmhtbpwjsribswrtlnkokflxelbkqpvjggbaedauzwgskojewksxouqicjepe,33,92
qqrxahkzukemuszenedzhjlilplixbpqdevilaveasz,29,14
ooqguqrqocqtvgludncurpqloqvemqudbadyoauhqkdylhhlrdxuzhtimxmumahothiugnqoiwlp,25,61
uftctlmpzxreammiospb,26,47
egvkjxkladfvossfikauigdtxtoepnthxavmqozjnnigetmhekzkjbcgaqsdokfoyucb,35,91
qmuxsxaibpqdhgphgwbdkwnfqmzjueggvllzsgcmphasmotlalxwucuhhpgcoiuthdu,33,28
ubrrijzgpqhgqnvgfnkviejmifxnotrhuzyaiwwmtnzoaujnzk,30,75
ejmesjgncrndsuuybeqdtluakdycfgnvnbfkpurnlqcqelcwaexqxlppzsrchptvdokbznzboxcejrkomm,23,72
ityiesahtzcngkyrjbwbfntorkbipyyiyrhcbxqlimxnqqrwmyhkggqrzegjglpvcqrvzyxgrxe,26,45
plvltehkjpuotvmagxvsaipiiqrylmnz,28,96
gurmosmvbrmdgpbwkcfrcwqrwyyusopbolwulppdielespeesueq,24,49
qwmgmxjiqszudtrisynqyuxbvbbaqmtnpivliribziujsgcvxaumewciyebguftdhgxdbunewimagicjygqzvdzuwyruavp,21,46
oyxwtpogqljgttbgqtgaaagzdyultwuhuzzmcxjyhuyjthq,26,92
ozyhjhgdoevekoypwhagtbjobfruamjklynpdtbhibwfoodlipjrsnafhieekhdiohtvwbekipgxygzwjxxaiopjza,26,45
hbqrhjzhtehifdhcex,27,81
zgcloiujqkkbpqpnvsjufmohgdifefxqvmvclddmyoefzompqfvbfughagrseltkriuoqpenxhvjnidscvaunn,19,55
fztyrxoqdipapatgquqqomicvboafyehgmcfdmrxvrgkojfktxqn,26,57
vihjioqscpauyyteasanynvvgfztiuqeegwwyniergqurocltthxcsyfcubzzotchgq,28,77
uddqawryrdwralkmlqwkboiywycnbeurcsfjigientmdcsoipbymwvmblkle,21,91
rjbjyczfpo,21,3
wkbigmphilihyclqmddngojanezsrufgjbduysrvqbzqcooisnxhhovdejbccclg,22,61
kkiofsfptbdkfpcsjtmcoljqyqievajuwnainbwypvppdwjagjbcnccydu,26,24
mslferrsfdwfesiqdrcbxmqatmyycymdsqawf,27,88
boctddyjucwnfpbbpclmkvygdfimowthrlbzggvxp,27,14
sdwnjmdfbzpsxpvzpdgrqbkpwxbhuuqrpesbeikpfjejllscacoukstongmnfaijvyhfgfveh,14,21
zfwcqirarwrifztqvjimdfgnvqqscbteigastwypftcsifdffxtvykmillemecttnypwvlfvuxhvzcstrpxuorv,33,85
lsdldmstiwziunenckchdkzprixbkxopetspl,26,36
ygjarpwwxtpglimoabhdrobflttmqyghmgfwufmxmaeewndnaniucxzedplituwnareyqcpcxzmjmshrnayqrwpcfhhxjrimeaj,26,71
qkwumwhdurgnflpqbhixgrfsqaeabshffishmxohe,28,85
bummftyztpqonbinpezqsvgrssrwthvvjporxrjxzfqcqkvmyejfoasvkssvddgiegwkxrnjhquxgyw,19,79
yeaorkxovnrmavjptemfipcyxompbib,28,73
ciybroztzdrzcwarxgoettvvbvuizuurzhgsjposshzi,28,17
czdmqxnmvcsvrnfefmkuqyjenbrizjljkiqnulwohcglqpxwwxsxoxjbpcnnroaqbykveffxfdruxdbkdt,29,97
ohzugpcocxskrkogbwafmmvfrliqdbfcjifnygyvdzotl,37,3
qqjwttcsfmcijqqvzaiuvlcbqzkhpmvizlmkanainxzarkprzotkplkvtejgtwyxrunudyszfkxspztkedisulbafckelhjmg,36,83
zjvempfilvykjhbnzmguhkpvplurdssrujmzkwcbypdcuvnjrovixtedoywjfdve,25,17
jpqqdwjsubetihqwktasoumjlacktnghtzkzswcmifayuaynzbtmejdbmfzlbnpmabmqufzbijzpmclkpqtyjwptjdve,27,96
jjyjwdftspfvuqsgafyqtuxplczytiktkxfsdpsvzrkrwbueonfunbjnckgmidyetxjjfcrciwoxlyvp,23,35
uhkkjejodktptyijjjixqebztrupmgilamakapyn,23,44
vlioveugwllcysuehatlgpvuycrommwlbxzbuiibkazbozo,36,25
pnvjxchkrkwgjpzmszoezuekfhnrcwybekuorldwultqdjxtvgsvpscczqcjnaskhwcd,24,55
xnfpulsktpugoewfvmhkvhstutlnnsofgxfkhgrmlzbffnuqq,24,89
qoxbapijuwafvdvysriokpynwbsuggscjbhikkgkgcbcvfhwbkjrvalifhgponhgh,22,15
ghzwcsiuyjuckvftfvwoneveslyafuetymzfxskgyyxkzraxuzpaogjselgcfuudpexpizwcvllnebszvt,28,68
mhopdokaejwphihgkuizaoctkdvzaipttnrmuwaowrbvosojntonugaqdgnbzrdlcqkrnyzodhvhxnyjffbibaqseflbqlzaukr,19,27
jtedezbstioggrzcndnhqlyxenublkdorzufcarj,22,98
spqwgyhjllngzpjaouhaxyfyichpcojqkbdycjvgafchjegvtkfrduejjreqskmduygdxqjwwtgzmhdnioemyu,24,89
zofdglughshgqqhupdqekdqjrmyfuhpgtmcbcwxiv,29,56
fpluyzcalprrwvxzwuktpwtftoqvphzruyfbteqprcfgseprtkiqbgopppazuheedmjektuazhbdwquqtwjfmacrkrnj,30,59
bohljurxxbatchpqjaraxfuykasvvrhygegcgovmzmdkktippdwsmauhfkubzqaedjiwhvwqcdcihnmwuumhcwpmj,27,69
nrcigkhfjajmoznzbs,35,86
efwokyhhoyzrtnmuvuosomtzalgbwhkfklrfsiacattutdtkcalntljbffbfvmfseswtgygqvaygoiwwbstotqb,20,25
peotthkuaexjtuipjwawonmm,30,27
ymrbdclhgoqcdphrcadolvvuqmxcggmlcnjvwtrlblohotifhovocokkpydcztjsfnowqoxlrdmpmlzzxexkgrxszvy,15,35
jvpjtsrziuxnfekiwcldqsf,20,47
zeipuglkjmsicyiukdjhswqdrazwhpjpwuzzsacgrzoehtcvkdnymhonnocnaacxhzsojynqlqo,20,88
lbzxirnnthjodqbnlgsspqsja,28,33
rrwpeuczhqmijuobdsgwwiqrslwjmttqqqcqlvdoeggxasdpengdbpnotjqycyofmeskdilcfohcsuxvtpwjtbbmtbgow,30,24
wqhujnxjrqxmovjpxxpcuatwtoovebrekddhn,23,55
vamlataeexvlctwyxby,17,85
hyjutsioxovbg,26,18
etayifympvnucvbmcvnqakudfrdoikncqlglprowsjkztwkvengqqlonvwcbsyjkurhgrrjpmfdkwrdrknunqjlrfqyun,27,45
arsyyzoypwypkhkwghrmqkvzekcpzpkxnrqjtne,24,49
hfvzndmjdcixwczythgpbskf,29,50
toyahapbfkhpntbdlqibnnxhvpihiryprybog,25,4
polwytlsjiytcmtxbqewqhewcxlhvvvtgqmwmlwthzveowinmmuyipfdd,25,48
rnyevrnmqordkpzponmongmlknosyyvxdulsl,25,47
aqgpmcxahvygx,30,10
alwlcjtsuu,29,1
lttxwrcaioxtlgizpcsthongedooqwuqf,28,8
urnbqjjdtrqglbookyfekylrnysaootwjyrmdtaxfuwbwezuluctymtvohiiauqaxubxrjsbgeuoedocbs,207,28
xmsrinfbjpgycjjdogjykstqgwnnhuirsjsvzxiaxumxmvmihzpliftrpjfyxxlu,146,70
rpreurxlhltbwbrymhfdphsibqzimpndhhtunugwthcdkmkverzxwdcga,114,88
kpvhodkqxlzvcuadnbqmsarcymozyixvaihjpukfaplhtaqetbhmfsmnycapqaymusvednugc,103,91
vlkaennnijrdztzuvsevrdzfhitfsrxunttjttipdnnmmqxyenttlohvsoz,79,41
iwezajcvhieflfetnogaliideuwohcgpxdhquqximevmqwhtprjsefibwnpqgmltwepmseaiz,86,74
ozqjfnpffnaiwqlinliudhgmgrtpdxfawxnlmelym,75,29
zbalidyswoveyccapuegnikrgklktulheexeutxzgezm,69,50
lncztavxdfzhnizyse,55,85
wmnvheoblovmlnsktzpbqcxzwgsvndkwygzlwnkrjkhnkrcgalfh,63,65
wykfplohmcwewbberaiekupgy,71,29
ffpykxxdlnzyurjvkagfheejqfqftkcdpvcwkllk,58,57
lpvqoegkjwfxxfpqowtufrwnbcdlrtisdjfgzfwiiptmhayxicwhcupghmnaki,58,70
gefsrurekqjwbkpybmcbfoglvonkvqxtdpnksrzhneysdyidbr,57,34
dpextiguedhbxtrbajfxvdmbryqmcjoegtnrgpecvvjvhhgtsyndvlgdiykbtyrrahibrlsbfobhzmqyvdaxaon,41,67
ccotxrauqdfctsnsbeufgsbzkwndkfypvxfvv,46,94
nyoufmpsivkdjuwvwqxavydoycjzjopwlqnvvjokmbvhfjzfzvbacmz,49,92
anecuecqkkqirvjhvhvynzxdmdzlskjqbqxgfxbqrgqiuwixkjzprwqqqolkilozvynmtueeruocqvxngvugyyehgaq,52,38
rphattbhselefytrwgcqdxpjgzodzywjsefpyijbrhhiwmpl,56,77
zcvqsaekjzswowjfvnfdijdcpbzdbgqmzexhcgieqreppyv,59,80
bbgoawzxlpycugbflaomqnaiqexpjcksajgjqrgcgoavroaksjlqhroyugvjlnksaxdvxssvnuvrtbtwpkfifuzeuftwue,59,18
zojhvsamqdlmnimpcfwlmukisvshxavfnlhhmlzdmypxrrjdfkplwmjyzprznezyago,47,44
jwcgdqayrzvrzwmiokzhqhvajpolhnhjmxvygwncrpv,37,70
agxhqrrtzghceqnxzrzmsavfdmkkzcwnrrqxleet,44,90
xzxhysrxdimazstaanxmxxsbxpuky,51,24
wtcvbrdzayupunyvxhhbzghrxjlnnvbfxvaoswfig,27,47
gdgvzkoqwylcweapybzlsgflkukmsjfyqnosmltmuhoavcnlwabrjnyoxmszrtrykiojksfgfdmlmniolqs,46,96
vfkpuoennnfgwvetfjyrnzpwjslzwqranmtggbnyvpyelmuzoudiam,30,15
nimldoffnozisyvltftimjiabgfcopblcbjaprowyofqsgywwecqjlemgfie,42,27
dsubvmstvwvdwevzbixzyzevtjgloquodxwseqojlcefeakwhhwotmsdmcjfcdymnfhymhll,28,99
mzxxmdthdhoaozrrdfphgrgbyokuiwvtcjxmmszahrfkldte,47,93
inhikewnflpzymhlvleqgezlpvrfdytvlxuhqfzxcbidilkjdumztcsapaeu,26,81
qtcnwzajhtruqtfizk,43,61
ihriycldlxjfeiarfjnxpmpisbaobomggrmlaztzjrglgxddikwmzlfthetpcjnwtgpincvezshp,37,63
wqlqkdssdddpvalyzavhczjpwlunmgvrv,51,62
lshrphbrefmavzdapumehhyqssxqpocgcxccybufcmbbfsnpeabxcyitwfmimiekjuffg,38,92
guhmssklrbsuzefkwjtmueakpoqsasfiqvfjqfdyilfxpdptappaxrowyalmwfhaaaqbzgncttuvjwx,33,53
xbkobrcutssjxcxokwezhobfyefjjbyoixbknmdhynldcaziyhvlsowgbixhjyjcxzxcg,45,29
rlrsbfedhgaqeaot,39,82
qvfsvhxexdovinlufweyjqchdvffznpqkofshlqn,39,23
luafgyseqxacmiyufbhzze,56,63
zkdolnifbogfhabajd,42,83
mtvfbounizmfpxyuuhmnrohhokibiisnkcmfhblzpylaufane,48,27
pfibljmnsmqkgkqhgtwybskjdtyjohl,28,82
wacwstfwqprtqlzwwtxldrknvkonj,26,89
gunzoeasolkdofcavv,17,42
cbojqcicobhyayipoclheltjpoqshantxzhdwpuayaeodeaecl,23,97
vzxeqzbdrszpmiopdudbbfvb,24,10
loqduevaxdlprohgztlrr,28,75
rexhokifsnkpphvamxeaeiivtqohuxnfjwrblsrttjpuofzlnbvrhfsbzoavmsbxw,25,50
bgnsomiulwmcdkahudehrsthihjypbaehmnpjubljtuer,32,36
vekjbygetnqofwrtakosqzopbzorfalbrwbutqipmcsqdkqrrboqannnopgmuyebqbfcnmqgntabxihuyezlgwi,27,78
bndceheogmuwdfzptjipsmkzgjopqarqaraghijfczzkkimpxhtpbbhapnrwjefnujzppuboyhrcqagzoqfrgzbbdxrgp,22,91
drorwjpynhdxfdmtkpthqcpaccwuqdnxsqdhcvnflnpbhledesunrvgvafkprnnozrmcw,25,24
yohxxbdcivrewetztqthrrnmtperkziwxnfphawvlquedygbeifwxlbvktlafyhdbii,24,15
esavkjmdruvmjgrnwdoythwiomlelh,25,60
piuucqffvdaahwtybhlgwsmdmqygusqpkqopolwpyybwgmtlunolbzmrfafywaqejsy,31,51
ecnhpeldxatphzmiagmrtrmpcrmeravqhsmsvpwvfqasdizkgkjfgtfgqcvhkslpvlpwqsxztnjnkgofotrvfkmzwozal,27,16
gympxqouggjbub,27,69
kwhabptvgxsgnenteyneepby,21,94
xobbkalpkqsojnrjjqbfugsdzujimtmobbxrxkvmygystmfdsgleltrmidoqmjqbqnwrqsqsfgifxgjpdzve,25,27
dyryryofrulq,23,19
nsjesjsnwslvrvdqxbgdekpioga,29,60
tsxkngebmufrsargxcywcspfcqicjqxorslfsw,30,23
pegyqgsulnmbrgpgvpibudbwewmpdc,21,50
zootygnarotf,26,79
ispqhskgxogebw,31,56
hjkbjelyfljymyoclnhndiszjytiaodrejw,18,99
xodjzkwloikhcfisnsfpomvksxwzm,25,3
motgfumbpydniflpakujufyutsqibuprajwpanlpqbxoqvnsknyqmciqegxeagrjyflodevkqlagcb,26,9
spovhausxghoczsmlzlcntgnrfwsaktoeceiruojxtgjugwrjrqzzqnqweyhcnafoxvwhoo,19,20
reaybftthkjdlveedto,26,83
lbufapnbqsrtfctgqknkudedk,38,86
jatkkrzqukasmnjtwenysjsdmxqvznsvgruroybuwcpfbmcl,26,75
mkmxuiuacpugqlwidcjqwvlovhaecwwpzwqujdycqpppxowfjxjjithvt,20,72
qobxaprtscngvpswktzbkmjprrrzixngnggynalrnexoncecsczsipprzavidkds,23,55
zjlactmmadxwnjztkedjfvuxwxucyotmulwuybshoyemgrodhtervfyftcpopvedpyrxebqnybuntfpwcwxy,28,26
hsueviaosellsfwcqhtzqsvprzijkudteqbpmasuqchnz,26,13
tyuwhbduykrpekhmasyyoaisimmqhnqmwuktoemaunnfdfnngbruamkysuahocaoewzrmi,23,18
cxftmjfniev,25,93
sgfzuauhxvfukfvbq,33,25
jsdznluiflzhzaeviutmmeeaofakrpfpieykwcd,19,44
evheusiampvcgmoqlcacoozzsrxhufbfxrtchieizfqrpnpqkuidqnugniqrxolotiolvjxtymmdiq,24,85
wegjsgmqkhrykagvdlcofgzlushbxomgokncegnctatktypuyysomkjqpnnmxz,18,97
bblykezvdshf,24,77
eyomifqdmxgloeqpzkwrifecoizrz,23,3
rsleqbunxrwokshcgghehonebzhufuzolzfkosztbxgydtnnvblfanvkoznironkdvswhehrmojtjsaspbausidgkklpm,34,81
beodbwqfggfjkbhnmdqogmsrqcpmrxmlvwpconxxdxplrocczzmezhekdanwcwfsmgpqqyqkaadrimphtjddvatqacnjitswhnlm,34,18
aynhtcdtcvcrhjvfwgugipzyaxgwdcotjllkvzgpdtzpvsoj,33,91
onsnwqswvdvddkogsqiejoapwgteywkoyhdytvmembawvxewwzieplyilqzacongqdqmin,18,26
voyrqbmyqsthebvhstxpojquncpivkognsjnlcguoyayfohhaygujo,25,53
azxummpwyexfwzahtheyizjruprnwsizouqqmrmklctbecjvyvmve,28,48
nrmlzbmowvliwumxiz,22,46
lwavrqepxkhtdsxhcjfdxxnzlpxdubklkcdpil,26,86
afdyyjtnsfzykuyjnbfofzlzbzwklytvovjsyyztrrvujvyzmieftzydoyjeyojawcicqsppppatco,22,73
wjizvwspkszoktpwhtdxqvohprfjfdqcaot,33,79
iqndbeftubzkdmlxfrlzsxcbaglppomgmbfcbocbvkyvtfniiyug,25,88
znqevfrmopxmk,23,8
glzxsfpuhilqtkrprsebbvvrpkowjstkngpzawgqnvwuhfndizbgjndduyxdbukrsxwiypyl,20,88
siumgdhwjqtvfeqbimtctkbededx,35,30
gdssftuicgsgbrhtbgncjtmsvlxbjrsoqfvqyxfvhfyybpstuhsbquhurezciodrsgftheqooslpszytzof,29,58
hajbwruxofoaccpwilvokanghhyqzfnxhhbgyxqsblmpgpcmkfyama,22,60
gkpkgoorvwfibzsueswkrilbnerammespamzjuvtzxssvuwotnoaklbusmeghvhtjxcatgkjpcaufvuofzwpqnygtjc,26,41
zcikfozjbseeswukyprlqodjrokyvygmhipgmea,33,85
jhqkqxfxeesbodjjalcbgbruqkmwzlfewsxnvgmixugrnkypofvdloazzrmtxdsqzfaumniiftizaori,29,98
ohvyquqgkikprpswownkflzvujlmzkcauuvcnkwfkiygxgsnqfbflxvexjhrqkxucubwkxxvgyayexzsubdtwrjeagxdequhd,27,25
dlsoqddaqlmdcdzjiouqmasmmmewzltlavugrdozoyk,22,69
tcstiuokbbrpxpvrksfgelqretsjwrficlzmktphmbylm,22,21
kfolefjlbhsupjnpozwuckmvwpfyxtoouwlccpevyjhqdlprfskxwknsluaptktouonjwnjarsyn,36,54
ncuswrdkcathwjetwpevhpeylkardtmzrjjffznmeurrcedwuvrotysqgttennispndijohumpa,28,36
erhzvdritnnbhczwlrppyfhklmnmjfhbeafaihzuverkthxddjhcvgkoehrkabmnm,29,29
ftifmlvhntktvibnhurvltbkiokrxbjtcspxdvckfubdifppankvufezebhbthbyaghwehjtfufybmrqokauctocq,23,8
otzbplwsnuprwcepuqdpghguxnotzc,23,46
rmxgfqtyhvxmhcfofsneb,21,86
hotuvxfphrjrilmurswhxlrarvwzlrrmpiugkyzcbhrfjequltiyvsmvvijgulwptopsusbnwhmoqqicydxygdmiqh,32,52
sgmgeyfnciuhzztljgjnigkqvirknyrfrpdxtpylyinpowimpakvicxbprtgdzzzajwqlmhdlszvpdvnac,28,47
lowsvdyyqtjozuolsorertagjuyaxu,28,22
fhpbpmtpuemyvgulkkkctipjfjqrsnnejlksyasaozdutucoadrfdtzdzdavduuiu,28,76
whnmrvxjwhczlwurcnjqimgaiuuxsumntycumfnvxxctbchmelgszpmtgrdbmgpgifgsncybwaaklysxkmovana,32,71
kolqznrsnilljgygpwjyyatitxur,34,50
